,title,uploaded,video length,view count,video length as datetime
7IKab3HcfFk,I Survived 50 Hours In Antarctica,2022-12-24T20:59:59Z,PT12M10S,76675159,2022-08-12 00:12:10
h5NvTTOlOtI,Hydraulic Press Vs Lamborghini,2022-12-10T21:00:01Z,PT10M25S,91863771,2022-08-12 00:10:25
se50viFJ0AQ,Would You Fly To Paris For A Baguette?,2022-12-08T20:12:27Z,PT48S,434172823,2022-08-12 00:00:48
0CTp1a-aCUM,"100 Kids Vs 100 Adults For $500,000",2022-12-03T21:00:00Z,PT15M23S,97324471,2022-08-12 00:15:23
FD-0KG-h2-c,Gordon Ramsay Tries Most Expensive Chocolate Bar!,2022-11-19T20:59:59Z,PT41S,104141374,2022-08-12 00:00:41
kX3nB4PpJko,"Last To Take Hand Off Jet, Keeps It!",2022-11-12T21:00:00Z,PT15M37S,84501359,2022-08-12 00:15:37
YlvcFJOE-OE,Giving iPhones Instead Of Candy on Halloween,2022-11-02T21:00:01Z,PT40S,374872561,2022-08-12 00:00:40
iogcY_4xGjo,"$1 vs $1,000,000 Hotel Room!",2022-10-22T21:00:00Z,PT15M41S,137147156,2022-08-12 00:15:41
S_CUEOBZ0P4,"The Rock Vs MrBeast For $100,000",2022-10-21T20:00:06Z,PT55S,200072487,2022-08-12 00:00:55
gHzuabZUd6c,"Survive 100 Days In Circle, Win $500,000",2022-09-24T19:59:59Z,PT17M57S,115272727,2022-08-12 00:17:57
65fN_OUawjk,I Hunted 100 People!,2022-09-03T19:59:59Z,PT12M23S,70174400,2022-08-12 00:12:23
jdMNoQE3mIQ,I Survived A Plane Crash,2022-08-20T20:00:00Z,PT8M14S,82842714,2022-08-12 00:08:14
2isYuQZMbdU,"I Gave My 100,000,000th Subscriber An Island",2022-08-04T19:59:59Z,PT15M31S,105169051,2022-08-12 00:15:31
tVWWp1PqDus,"100 Girls Vs 100 Boys For $500,000",2022-07-23T20:00:09Z,PT16M53S,115468857,2022-08-12 00:16:53
vaIgyRoUkQI,I Didn’t Eat Food For 30 Days,2022-07-02T20:00:02Z,PT13M4S,66211266,2022-08-12 00:13:04
Hwybp38GnZw,I Built Willy Wonka's Chocolate Factory!,2022-06-04T20:00:02Z,PT17M1S,150348030,2022-08-12 00:17:01
hD1YtmKXNb4,"$10,000 Every Day You Survive Prison",2022-04-09T20:00:00Z,PT13M59S,135673114,2022-08-12 00:13:59
LnlKwzc_TNA,"Would You Swim With Sharks For $100,000?",2022-03-19T20:02:32Z,PT9M1S,112609306,2022-08-12 00:09:01
3jS_yEK8qVI,World’s Most Dangerous Escape Room!,2022-01-29T21:00:01Z,PT8M1S,164070767,2022-08-12 00:08:01
00NgUctWoLQ,"Extreme $1,000,000 Hide And Seek",2021-12-18T21:00:00Z,PT12M9S,81328202,2022-08-12 00:12:09
x9TQ6culXIA,"$1,000,000 Influencer Tournament!",2021-12-16T21:00:00Z,PT12M5S,64376009,2022-08-12 00:12:05
QbJJwaVdgIs,I Got Hunted By The Military,2021-12-10T21:30:02Z,PT11M2S,122988429,2022-08-12 00:11:02
0e3GPea1Tyg,"$456,000 Squid Game In Real Life!",2021-11-24T21:00:01Z,PT25M42S,340729214,2022-08-12 00:25:42
cV2gBU6hKfY,I Cleaned The World’s Dirtiest Beach #TeamSeas,2021-10-29T19:59:43Z,PT4M55S,82132201,2022-08-12 00:04:55
qIsgdOVGA04,"Last To Take Hand Off Lamborghini, Keeps It",2021-10-23T20:00:01Z,PT15M43S,123487401,2022-08-12 00:15:43
cExLQ1o2pDw,"First To Rob Bank Wins $100,000",2021-09-26T20:00:06Z,PT8M2S,108629143,2022-08-12 00:08:02
uocETPj4Jx4,"Extreme $500,000 Game Of Tag!",2021-09-04T20:00:07Z,PT12M40S,103939730,2022-08-12 00:12:40
zxYjTTXc-J8,"Last To Leave Circle Wins $500,000",2021-08-31T20:01:03Z,PT19M26S,249139478,2022-08-12 00:19:26
hxwpkM5w3Cc,I Got Hunted By The FBI,2021-08-07T23:00:03Z,PT15M51S,133204470,2022-08-12 00:15:51
ktyJIj6i4Qw,"If You Can Carry $1,000,000 You Keep It!",2021-07-24T20:00:59Z,PT10M45S,116858621,2022-08-12 00:10:45
urtFrxDUV6c,"Would YOU Quit School For $100,000?",2021-07-10T20:00:09Z,PT11M34S,102359921,2022-08-12 00:11:34
nM89Wl03Q4g,I Survived 50 Hours In A Maximum Security Prison,2021-06-26T20:00:02Z,PT12M34S,152345503,2022-08-12 00:12:34
NZlClr_ivb4,"Hit The Target, Win $300,000",2021-06-12T20:00:01Z,PT15M4S,122966860,2022-08-12 00:15:04
E6E22XQPhhg,Anything You Can Fit In The Triangle I’ll Pay For,2021-06-01T20:00:02Z,PT16M8S,117536067,2022-08-12 00:16:08
TQHEJj68Jew,I Got Hunted By A Real Bounty Hunter,2021-04-24T20:00:00Z,PT14M21S,129878842,2022-08-12 00:14:21
WcwGleN38zE,"Extreme $100,000 Game of Tag!",2021-04-17T20:00:00Z,PT16M54S,140243720,2022-08-12 00:16:54
fMfipiV_17o,"Would You Sit In Snakes For $10,000?",2021-04-10T21:00:07Z,PT14M9S,191295102,2022-08-12 00:14:09
ayXxwJJId_c,"I Bought The World's Largest Mystery Box! ($500,000)",2021-04-03T20:00:01Z,PT11M49S,162025484,2022-08-12 00:11:49
9bqk6ZUsKyA,I Spent 50 Hours Buried Alive,2021-03-27T20:00:04Z,PT12M40S,229247076,2022-08-12 00:12:40
DuQbOQwVaNE,"Offering People $100,000 To Quit Their Job",2021-03-13T21:00:02Z,PT10M27S,104167007,2022-08-12 00:10:27
vJH28ICkCdU,I Sold My House For $1,2021-03-06T21:00:02Z,PT9M20S,115239863,2022-08-12 00:09:20
_uwNDiU04zE,"If You Press This, I’ll Pay...",2021-02-13T21:00:01Z,PT11M5S,49475493,2022-08-12 00:11:05
C680oxL__ck,"I Ate $100,000 Golden Ice Cream",2021-01-22T21:00:03Z,PT13M17S,159717901,2022-08-12 00:13:17
5Fg9oZk-5uA,I Bought Everything In 5 Stores,2021-01-09T21:01:25Z,PT14M14S,115819916,2022-08-12 00:14:14
PKtnafFtfEo,"Youtube Rewind 2020, Thank God It's Over",2021-01-01T21:00:03Z,PT6M31S,65732854,2022-08-12 00:06:31
f0c7pSCoZqE,"I Put 1,000,000,000 Christmas Lights On A House (World Record)",2020-12-23T21:00:06Z,PT11M22S,79006537,2022-08-12 00:11:22
dg2Ag3e8W-Q,I Opened A Restaurant That Pays You To Eat At It,2020-12-19T22:00:03Z,PT10M39S,135950525,2022-08-12 00:10:39
LeYsRMZFUq0,"I Gave People $1,000,000 But ONLY 1 Minute To Spend It!",2020-12-15T21:00:11Z,PT14M18S,135511668,2022-08-12 00:14:18
Dc2ZRmuH5OM,"Steal This $100,000 Diamond, You Keep It",2020-11-28T21:00:04Z,PT14M3S,145826135,2022-08-12 00:14:03
GLoeAJUcz38,"Press This Button To Win $100,000!",2020-11-14T21:00:02Z,PT15M11S,217287960,2022-08-12 00:15:11
SZQhgExjBvQ,I Survived 24 Hours Straight In Ice,2020-10-29T20:17:44Z,PT11M34S,117532639,2022-08-12 00:11:34
IoZri9hq7z4,I Uber’d People And Let Them Keep The Car,2020-10-24T20:00:01Z,PT14M11S,91477798,2022-08-12 00:14:11
1V_03efSkg0,"$300,000 Influencer Trivia Tournament!",2020-10-18T00:19:57Z,PT24M5S,57612320,2022-08-12 00:24:05
vp5sSqyZ5Go,I Filled My Brother’s House With Slime & Bought Him A New One,2020-10-10T20:00:31Z,PT9M26S,137941024,2022-08-12 00:09:26
AKJfakEsgy0,Hi Me In 5 Years,2020-10-04T20:00:54Z,PT2M8S,83330818,2022-08-12 00:02:08
Vl3swga-Xrk,"Would You Rather Have A Giant Diamond or $100,000?",2020-09-26T20:40:02Z,PT13M25S,110114216,2022-08-12 00:13:25
UE5AHE2Ypr8,"I Gave My 40,000,000th Subscriber 40 Cars",2020-09-19T20:00:02Z,PT17M11S,115570832,2022-08-12 00:17:11
TDiXxsQ0w2Q,Why I Haven’t Been Uploading,2020-09-17T20:00:05Z,PT6M22S,44180890,2022-08-12 00:06:22
oD155zWANQg,"Get This Random Person 1,000,000 Subscribers",2020-09-05T20:00:17Z,PT14M5S,60647283,2022-08-12 00:14:05
s1ax8Tx_Jz0,Would YOU Rather Have A Lamborghini or This House?,2020-08-22T20:00:01Z,PT18M22S,162626378,2022-08-12 00:18:22
NkE0AMGzpJY,"Last To Leave $800,000 Island Keeps It",2020-08-15T20:00:02Z,PT22M17S,178878229,2022-08-12 00:22:17
FbM1yi4mMMc,I Bought A Private Island,2020-08-13T20:00:07Z,PT11M37S,106564420,2022-08-12 00:11:37
5V2B28OqfqM,"I Spent $1,000,000 On Lottery Tickets and WON",2020-08-08T20:00:02Z,PT15M10S,94048972,2022-08-12 00:15:10
Rj_vssRaZlQ,I Ate The World’s Largest Slice Of Pizza,2020-08-01T20:00:02Z,PT8M3S,158846673,2022-08-12 00:08:03
YQDDm9HLkV4,I Adopted EVERY Dog In A Dog Shelter,2020-07-23T20:00:11Z,PT16M4S,156319524,2022-08-12 00:16:04
erQ_9yEz0ls,"I Bought The World's Largest Firework ($600,000)",2020-07-03T21:00:20Z,PT11M9S,163649796,2022-08-12 00:11:09
OAbP-V6fEVc,I Broke Into A House,2020-06-25T20:00:00Z,PT14M57S,104442607,2022-08-12 00:14:57
_qAJMXfL6o0,"Would You Rather Have $100,000 OR This Mystery Key?",2020-06-13T20:00:01Z,PT18M21S,154014280,2022-08-12 00:18:21
59AYXzCa-Cs,I Built The World's Largest Lego Tower,2020-06-06T20:00:01Z,PT13M56S,115628156,2022-08-12 00:13:56
r7zJ8srwwjk,I Spent 50 Hours In Solitary Confinement,2020-05-30T20:10:08Z,PT15M52S,228713384,2022-08-12 00:15:52
YSoJPA8-oHc,If You Click This Video I'll Give My Friend .001$,2020-05-23T21:01:02Z,PT17M21S,162866516,2022-08-12 00:17:21
5Hg_QSIJm8I,"I Gave $200,000 To People Who Lost Their Jobs (Corona Virus)",2020-05-07T19:59:59Z,PT15M19S,40513492,2022-08-12 00:15:19
gsWPpE4Rid0,Videos I Could Not Upload...,2020-04-30T20:00:08Z,PT13M32S,104462749,2022-08-12 00:13:32
Ih2WTyY62J4,"$250,000 Influencer Rock, Paper, Scissors Tournament",2020-04-26T01:36:25Z,PT28M,45849015,2022-08-12 00:28:00
HBMmK1c44sE,I Spent 24 Hours In A Doomsday Bunker,2020-04-11T20:00:00Z,PT11M59S,140431383,2022-08-12 00:11:59
oBYbxw8f5OI,"Giving $1,000,000 Of Food To People In Need",2020-03-27T20:00:05Z,PT12M29S,41292250,2022-08-12 00:12:29
AiGKBNGlzHo,I Ran A Marathon In The World's Largest Shoes,2020-03-21T20:00:02Z,PT13M49S,103311940,2022-08-12 00:13:49
_mdKvblL_8s,"$70,000 Extreme Hide And Seek - Challenge",2020-03-13T20:00:04Z,PT18M41S,100693790,2022-08-12 00:18:41
yXWw0_UfSFg,Anything You Can Fit In The Circle I’ll Pay For,2020-03-07T21:00:00Z,PT20M,198552593,2022-08-12 00:20:00
F4Y3Pkn95GI,"I Ate A $70,000 Golden Pizza",2020-02-29T21:00:22Z,PT13M10S,180890872,2022-08-12 00:13:10
KSKJKLmAqpI,"Lamborghini Race, Winner Keeps Lamborghini",2020-02-08T21:00:02Z,PT15M23S,99956644,2022-08-12 00:15:23
IYVjOfoU3uI,I Gave My Credit Card To Random People,2020-02-01T21:00:01Z,PT16M48S,135691478,2022-08-12 00:16:48
oI6aXhowFDY,I Went Back To Boy Scouts For A Day,2020-01-25T21:00:01Z,PT13M38S,94841443,2022-08-12 00:13:38
LdMx2U5tby0,"$60,000 Extreme Hide And Seek - Challenge",2020-01-17T21:00:01Z,PT17M59S,115858681,2022-08-12 00:17:59
fY-LA3YaZ_M,"How I Gained 15,000,000 Subscribers In 1 Year",2020-01-03T21:10:01Z,PT6M34S,18015970,2022-08-12 00:06:34
0hVZOJCYBBM,Important Youtube Announcement (please watch),2019-12-28T21:00:06Z,PT2M35S,34421258,2022-08-12 00:02:35
Z9WQy9jEY8M,"Giving 10,000 Presents To Kids For Christmas",2019-12-23T21:00:04Z,PT13M48S,57467434,2022-08-12 00:13:48
bs0SWXbty18,"Spending $1,000,000 In 24 Hours",2019-12-21T21:00:01Z,PT15M11S,136405400,2022-08-12 00:15:11
yeqARWqjkps,"Last To Take Hand Off $1,000,000 Keeps It",2019-12-19T21:00:12Z,PT15M25S,107704341,2022-08-12 00:15:25
wMuYiLby3-s,"Last To Stop Riding Bike Wins $1,000,000 (Part 4)",2019-12-14T20:59:57Z,PT11M45S,52019348,2022-08-12 00:11:45
NbaWrbJDr48,"Last To Leave Toilet Wins $1,000,000 (Part 3)",2019-12-07T21:11:07Z,PT15M46S,71881856,2022-08-12 00:15:46
sfv1QaRzJg8,I Ordered Pizza And Tipped The House,2019-12-05T21:00:02Z,PT13M2S,106723497,2022-08-12 00:13:02
RwnN2FVaHmw,"Last to Stop Swinging Wins $1,000,000 (Part 2)",2019-11-30T21:00:03Z,PT13M3S,89657077,2022-08-12 00:13:03
X1jMMFOqxEw,"$50,000 Game Of Extreme Hide And Seek - Challenge",2019-11-28T21:00:01Z,PT15M3S,117697989,2022-08-12 00:15:03
ORUX1lHbOa8,I Opened A FREE BANK,2019-11-23T21:00:17Z,PT10M52S,88517038,2022-08-12 00:10:52
LU_xVr4b2qM,"Going Around A Ferris Wheel 1,000 Times Straight",2019-11-16T21:00:47Z,PT12M56S,82223159,2022-08-12 00:12:56
tQ4m4zD7BBA,"Last To Fall Wins $1,000,000 (Part 1)",2019-11-14T21:00:31Z,PT16M57S,120112810,2022-08-12 00:16:57
D9lVNzyhYnc,Surviving 24 Hours Straight In The Bermuda Triangle,2019-11-09T21:00:55Z,PT11M41S,159914919,2022-08-12 00:11:41
jokVbbLqV_E,"I Spent $100,000 On Lottery Tickets And Won!",2019-10-31T20:00:02Z,PT15M10S,46369450,2022-08-12 00:15:10
HPJKxAhLw5I,"Planting 20,000,000 Trees, My Biggest Project Ever!",2019-10-25T19:01:01Z,PT7M23S,82107746,2022-08-12 00:07:23
Ims5p6wjW9s,"Last To Take Hand Off Boat, Keeps It",2019-10-19T20:06:01Z,PT16M48S,98420416,2022-08-12 00:16:48
anFxsa5jXrE,"I Searched 100 Dumpsters, Here's What I Found",2019-10-12T20:10:01Z,PT17M9S,128783029,2022-08-12 00:17:09
QxGVgXf_LNk,"Going Through The Same Drive Thru 1,000 Times",2019-10-05T20:00:08Z,PT15M38S,187601527,2022-08-12 00:15:38
al6130OD1Ck,"Donating $100,000 To Random Streamers",2019-09-28T20:29:58Z,PT16M3S,50987605,2022-08-12 00:16:03
d1010B3sKNQ,Surviving 24 Hours Straight In A Rain Forest,2019-09-21T21:00:00Z,PT13M9S,96786005,2022-08-12 00:13:09
NS3hse9ezik,"Last To Leave Ramen Noodle Pool Wins $20,000",2019-09-13T20:00:05Z,PT14M32S,58749212,2022-08-12 00:14:32
npDey6_9YRs,"Anything You Can Carry, I'll Pay For #2",2019-09-06T20:00:00Z,PT13M59S,59104314,2022-08-12 00:13:59
0NGWT9COcEI,"I Gave My Brother 24 Hours To Spend $100,000",2019-08-31T20:00:01Z,PT13M8S,69174069,2022-08-12 00:13:08
3LLnjRLrvLU,I Opened A Free Car Dealership,2019-08-29T20:00:00Z,PT16M39S,109328728,2022-08-12 00:16:39
bTrV5v7GLcQ,"Last To Leave Pool Of $20,000 Keeps It",2019-08-24T20:00:01Z,PT16M39S,136090448,2022-08-12 00:16:39
lBYC4_Lccjw,Surviving 24 Hours On A Deserted Island,2019-08-22T20:00:07Z,PT13M52S,139896631,2022-08-12 00:13:52
gL6iSCSHjco,"Last To Leave Roller Coaster Wins $20,000 - Challenge",2019-08-17T20:00:00Z,PT15M17S,113471919,2022-08-12 00:15:17
UQtltNZ_pjs,I Won Every Prize At A Theme Park,2019-08-15T19:59:59Z,PT13M22S,129781907,2022-08-12 00:13:22
0DaMUhgcAqo,Destroying My Friend's Car And Surprising Him With A New One,2019-08-10T20:00:00Z,PT14M53S,89017686,2022-08-12 00:14:53
TOcGSwJBPMQ,I Spent 24 Hours Straight At Area 51,2019-08-02T21:00:01Z,PT15M23S,114548572,2022-08-12 00:15:23
ws694xrKopA,"Can 50,000 Magnets Catch A Cannon Ball?",2019-07-20T20:00:02Z,PT9M29S,73709712,2022-08-12 00:09:29
UtnsWzaoRtg,World's Largest Game Of Dodgeball,2019-07-12T20:05:00Z,PT11M17S,64755939,2022-08-12 00:11:17
6wsFjjhZPJI,"Last To Leave Revolving Door Wins $50,000",2019-07-02T20:00:01Z,PT13M44S,124409750,2022-08-12 00:13:44
Rmf6T_Ewt38,Tipping Waitresses With Real Gold Bars,2019-06-21T20:00:01Z,PT13M32S,61293670,2022-08-12 00:13:32
n6qc4LHN2KQ,I Opened The World's First FREE Store,2019-06-15T20:00:00Z,PT14M51S,71196363,2022-08-12 00:14:51
2eFSU7TFOnk,Spending 24 Hours On Top Of A Mountain,2019-06-13T20:00:01Z,PT15M24S,138854081,2022-08-12 00:15:24
RCvnytndd9c,"Last To Leave VR Wins $20,000",2019-06-08T20:00:01Z,PT14M18S,111056864,2022-08-12 00:14:18
AA-VpIj8F5Y,"Last To Stop Running Wins $20,000",2019-06-06T20:00:00Z,PT14M58S,94336132,2022-08-12 00:14:58
fWcSBWadolA,"Paying People $10,000 To Eat Ghost Pepper",2019-06-01T20:05:01Z,PT14M46S,38948901,2022-08-12 00:14:46
YyhKdOCwD7s,24 Hours In The Most Haunted Place On Earth,2019-05-30T20:07:01Z,PT15M7S,75808869,2022-08-12 00:15:07
ha4tRQwKIUg,I Bought Everything In A Store - Challenge,2019-05-18T20:05:02Z,PT16M56S,121565655,2022-08-12 00:16:56
xRwy_rKc7gI,World's Largest Bowl Of Cereal,2019-05-15T21:05:01Z,PT15M42S,114128916,2022-08-12 00:15:42
H1WBdh56Vq4,Spending 24 Hours In A City With No Laws,2019-05-07T21:00:01Z,PT14M29S,119544167,2022-08-12 00:14:29
xhIYirjB4Yc,"Giving $10,000 To Random People And Saying Nothing",2019-04-30T20:00:06Z,PT15M59S,62233646,2022-08-12 00:15:59
HfJMs4mrSJM,Molten Lava Vs Giant Ice Block Experiment,2019-04-27T20:00:02Z,PT7M38S,76425091,2022-08-12 00:07:38
tYHTVjfShOA,"Anything You Can Carry, I'll Pay For Challenge",2019-04-20T20:00:03Z,PT15M9S,79647253,2022-08-12 00:15:09
JTQcIR2ZxU4,Homeless Man Buys A Lamborghini,2019-04-18T20:05:00Z,PT14M20S,115917469,2022-08-12 00:14:20
xpNeg0hPZIs,Playing Battleship With Real Ships,2019-04-06T20:05:58Z,PT15M32S,34800643,2022-08-12 00:15:32
9yrdFAJUSaU,"Donating $100,000 To Shroud In Real Life",2019-04-04T21:05:59Z,PT14M14S,31515830,2022-08-12 00:14:14
i2O6GMpNWGo,"Last To Leave The Tesla, Keeps It Challenge",2019-03-29T21:05:00Z,PT18M29S,86396452,2022-08-12 00:18:29
Y6jC6VaO3j0,"Donating $100,000 To Streamers With 0 Viewers",2019-03-24T20:00:04Z,PT14M37S,68130477,2022-08-12 00:14:37
Ooke4YZv8Ts,Surviving 24 Hours Straight In A Desert,2019-03-16T20:05:00Z,PT14M4S,105330142,2022-08-12 00:14:04
ZV7rU6lnAKQ,"$200,000 Youtuber Battle Royale",2019-03-12T22:00:00Z,PT26M24S,46984439,2022-08-12 00:26:24
iUzi5JmJNWc,Surprising Strangers With 100 Zombies - Experiment,2019-03-03T22:04:59Z,PT12M1S,56853125,2022-08-12 00:12:01
9cCpZl8euLI,I Gave A Homeless Man A Home,2019-02-28T22:06:00Z,PT13M22S,70102551,2022-08-12 00:13:22
I046_n20d3s,Standing Still For 24 Hours Straight - Statue Challenge,2019-02-22T22:05:59Z,PT18M16S,71333095,2022-08-12 00:18:16
2nd73lyvq4w,Giant Monopoly Game With Real Money,2019-02-15T22:05:00Z,PT15M43S,71502365,2022-08-12 00:15:43
nuM0Z4a7kMs,I Spent 24 Hours Straight In Insane Asylum,2019-02-10T21:05:00Z,PT15M56S,103231475,2022-08-12 00:15:56
qPBtTPJHS0Q,I Advertised Pewdiepie At The Super Bowl,2019-02-04T22:00:01Z,PT12M45S,41838102,2022-08-12 00:12:45
A-vX1AGBGsc,I Went Back To 1st Grade For A Day,2019-01-31T22:05:00Z,PT17M46S,142635915,2022-08-12 00:17:46
IiW2smvEcBM,I Opened The World’s Cheapest Store,2019-01-26T21:05:00Z,PT15M19S,40546781,2022-08-12 00:15:19
q6Qw8mUVTrE,I Put 10 Million Legos in Friend's House,2019-01-18T22:04:59Z,PT15M17S,53496712,2022-08-12 00:15:17
dBxOYE2j55U,Make This Video The Most Liked Video On Youtube,2019-01-16T22:05:01Z,PT13M11S,107846990,2022-08-12 00:13:11
984NGLLYDUg,"20,000 Magnets Vs A Car",2019-01-14T22:05:00Z,PT12M3S,31558850,2022-08-12 00:12:03
7zi0bi-RDj4,"Eating A $10,000 Golden Steak (24k Gold)",2019-01-11T22:05:00Z,PT16M30S,110532466,2022-08-12 00:16:30
XaxhLbxZ13k,Last To Take Hand Off House Keeps It!,2019-01-08T21:05:00Z,PT17M30S,64106536,2022-08-12 00:17:30
L8nh1wuXTbI,"I Gave Him One Hour To Spend $100,000!",2019-01-01T21:05:01Z,PT13M50S,68693015,2022-08-12 00:13:50
9-HphHIJS9c,"How I Gave Away $1,000,000",2018-12-25T21:05:01Z,PT15M14S,14240195,2022-08-12 00:15:14
rPXmbM2UEbU,"Giving $100,000 To A Homeless Person",2018-12-23T21:00:01Z,PT14M44S,30647993,2022-08-12 00:14:44
sESRuTyfsEk,I Spent 24 Hours Straight In Prison - Challenge,2018-12-19T21:05:02Z,PT14M52S,94458164,2022-08-12 00:14:52
QapO3maXd9k,Donating $10000 To Pewdiepie,2018-12-16T21:05:02Z,PT15M15S,45965397,2022-08-12 00:15:15
71VpdDb8e6U,"Last Youtuber To Leave Wins $100,000 - Challenge",2018-12-12T21:00:02Z,PT24M39S,78542660,2022-08-12 00:24:39
Su34c5Z8DW4,I Put Millions Of Pennies In My Friends Backyard,2018-12-08T21:05:02Z,PT14M41S,97591324,2022-08-12 00:14:41
e5DqdX-7_g4,Surprising TFue With A Fortnite Battle Bus In Real Life,2018-12-07T22:11:00Z,PT14M25S,97407203,2022-08-12 00:14:25
9vB-48kHbBU,I Built A Giant House Using Only Legos,2018-12-02T20:05:01Z,PT13M49S,61054475,2022-08-12 00:13:49
3ix_gbcubTo,"Last To Leave Slime Pit Wins $20,000 - Challenge",2018-11-30T21:11:01Z,PT18M8S,96369715,2022-08-12 00:18:08
mGIpOtncmSM,"Saying Pewdiepie 100,000 Times",2018-11-25T21:07:01Z,PT11H48M40S,24672713,2022-08-12 11:48:40
VqnQ-0q2gb4,Destroyed Friend's House And Bought Him A New One,2018-11-24T21:06:01Z,PT14M38S,41812004,2022-08-12 00:14:38
3TflpIllQHY,I Put 100 Million Orbeez In My Friend's Backyard,2018-11-22T21:08:01Z,PT14M45S,177166697,2022-08-12 00:14:45
1SwVSTKFCsc,"Spending $40,000 In One Hour Challenge",2018-11-17T21:06:02Z,PT14M3S,43328016,2022-08-12 00:14:03
ZPuEUe_8SRM,"Giving My 10,000,000th Subscriber 10,000,000 ___",2018-11-13T21:05:04Z,PT18M19S,24863652,2022-08-12 00:18:19
gKVZz4kcuns,"$10,000 Games Of Rock Paper Scissors",2018-11-04T21:05:02Z,PT13M7S,18033846,2022-08-12 00:13:07
nywT2SenPIo,"Last To Remove Hand, Gets Lamborghini Challenge",2018-11-02T20:05:01Z,PT19M47S,74581902,2022-08-12 00:19:47
xBP9EUQIkNs,"You Pick The Right Cup, You Win $100,000!",2018-10-28T20:06:01Z,PT17M35S,35686577,2022-08-12 00:17:35
qZNxvnQv0h4,I Bought Every Billboard In My City For This,2018-10-26T21:06:02Z,PT15M31S,37976213,2022-08-12 00:15:31
uE6gud1voDs,"Ordering Water Then Tipping $30,000",2018-10-23T20:11:02Z,PT12M3S,42584957,2022-08-12 00:12:03
f0M64XpmTz8,"I Spent $50,000 On Lottery Tickets And Won ____",2018-10-19T21:05:02Z,PT16M54S,30662971,2022-08-12 00:16:54
Gz3yak1cl-8,"Last To Leave Circle Wins $10,000 - Challenge",2018-10-12T22:05:04Z,PT16M36S,81765290,2022-08-12 00:16:36
9GD6hbqu2oM,I Spent 24 Hours Straight In Slime,2018-10-09T20:05:02Z,PT14M38S,40249707,2022-08-12 00:14:38
GUWGsIVEMSQ,"Surprising Tfue With $10,000 Live - Fortnite",2018-10-04T20:07:01Z,PT15M23S,69926433,2022-08-12 00:15:23
wDqJZ_2ZA3A,"I Spent $30,000 On Lottery Tickets And Won ____",2018-09-28T21:05:00Z,PT17M32S,16868754,2022-08-12 00:17:32
RywkkwO78m8,Flat Earth PROVEN By Independent Research,2018-09-22T20:05:01Z,PT11M52S,27000086,2022-08-12 00:11:52
P4qWhSZ7_WA,Things That SHOULDN'T Be Sold On Amazon,2018-09-21T22:06:01Z,PT14M6S,103028646,2022-08-12 00:14:06
UlUcwJc5nBs,"Surprising My 8,000,000th Subscriber With 8,000,000 ___",2018-09-19T20:05:01Z,PT18M52S,27326381,2022-08-12 00:18:52
qAW6CE7_bFM,"I Donated $25,000 To Random Kids Streaming Fortnite",2018-09-14T20:09:01Z,PT17M37S,62200297,2022-08-12 00:17:37
tBEBc4KQVsU,I Hope This Magic Trick Works,2018-09-11T21:13:59Z,PT16M22S,42141397,2022-08-12 00:16:22
q0OK-zHnvnA,Can A Glowing 1000 Degree Sword Slice A Car In Half?,2018-09-06T21:09:00Z,PT10M13S,66923384,2022-08-12 00:10:13
bFZdU9dr4OM,Rocket League In Real Life!,2018-09-01T21:08:58Z,PT12M55S,27845841,2022-08-12 00:12:55
nd-bwvNB7YA,Destroying My Friend's Car And Surprising Him With A New One - Slime,2018-08-28T22:08:59Z,PT16M11S,94252137,2022-08-12 00:16:11
6_im_hGxGRk,Spending 24 Hours Straight Under Water Challenge,2018-08-24T22:09:00Z,PT15M11S,107411081,2022-08-12 00:15:11
b91vrgVY-ZQ,"Attempting The Impossible Maze - $10,000 Challenge",2018-08-15T21:08:59Z,PT19M47S,54772747,2022-08-12 00:19:47
52ubXjlVzUY,"Donating $100,000 To A Random Fortnite Streamer",2018-08-05T22:00:00Z,PT23M2S,51183576,2022-08-12 00:23:02
XHb7g6yuGgE,Moving 10 Pounds Using ONLY Sound,2018-08-02T21:09:00Z,PT13M46S,43867667,2022-08-12 00:13:46
rH1D_3G56DY,Returning Destroyed Rental Cars Prank,2018-07-27T21:09:00Z,PT10M30S,35438802,2022-08-12 00:10:30
-0zoWMSEOGg,"I Gave My 6,000,000th Subscriber 6,000,000 ____",2018-07-25T21:11:00Z,PT18M33S,17340712,2022-08-12 00:18:33
WRzIuC2MKOU,"Can 1,000 Fans At Max Speed Push A Car?",2018-07-17T21:41:02Z,PT12M23S,27217992,2022-08-12 00:12:23
foLlul8Tl3E,"I Donated $50,000 To Ninja - Fortnite",2018-07-14T21:06:00Z,PT22M2S,94981495,2022-08-12 00:22:02
3iaDrpKdaIc,I Ubered Random People In A Tank,2018-07-11T21:16:00Z,PT10M4S,29134005,2022-08-12 00:10:04
qrIh-ZHN4-E,World's Hottest Substance Vs Coldest Substance,2018-06-30T21:09:00Z,PT11M52S,84950699,2022-08-12 00:11:52
mpZWt5pGKZ8,The Real Way Dinosaurs Went Extinct,2018-06-28T21:12:01Z,PT5M51S,26623519,2022-08-12 00:05:51
vbph9F_pRNI,I Donated $1000 Every Time She Blinked - Fortnite Streamers,2018-06-24T21:10:00Z,PT15M46S,21085121,2022-08-12 00:15:46
XE9pUM9MEFA,I Built A Working Car Using Only LEGOS,2018-06-23T21:09:58Z,PT12M30S,71483439,2022-08-12 00:12:30
wbzD04leeLI,Do Water Repellent Shoes Actually Work?,2018-06-22T22:11:00Z,PT11M39S,105927719,2022-08-12 00:11:39
MC5h-ShR-S8,"We Drove 3,000 Miles For The World's Best Burger",2018-06-09T21:13:59Z,PT15M26S,51264977,2022-08-12 00:15:26
dp8IaLrZpGs,"I Gave My 5,000,000th Subscriber 5,000,000 ______",2018-06-08T22:36:59Z,PT11M52S,11090993,2022-08-12 00:11:52
97Gh93Daio0,I Made Money Grow On Trees,2018-06-01T22:09:00Z,PT10M34S,16949092,2022-08-12 00:10:34
t4OumncEiKo,I Took Apart My Friends Car And Put It In His Room,2018-05-25T22:41:59Z,PT12M14S,15452102,2022-08-12 00:12:14
Ejou8aa5eZk,How Many Rubber Bands Does It Take To Snap A Safe?,2018-05-22T22:14:01Z,PT10M16S,36219686,2022-08-12 00:10:16
ehEuczQUh8E,Pulling Cars Over Using A Toy Police Car,2018-05-13T21:10:01Z,PT13M36S,24144460,2022-08-12 00:13:36
uBC7805Smsg,"I Gave $500,000 To Random People",2018-05-11T22:40:59Z,PT15M3S,14533307,2022-08-12 00:15:03
d8pJkuSp1iI,How Many Toy Cars Does It Take To Pull A Real Car?,2018-05-04T22:08:58Z,PT11M48S,39736481,2022-08-12 00:11:48
dFr5YQaQQdo,"I Gave $20,000 To People From An Ice Cream Truck",2018-05-02T22:11:00Z,PT13M42S,14512795,2022-08-12 00:13:42
xBLxMfO3pDw,$10000 Ice Sculpture Vs Flame,2018-05-01T22:09:00Z,PT15M9S,23090274,2022-08-12 00:15:09
d7QmQtNwhcU,"Can 1,000 Rolls Of Duct Tape Stop A Car??",2018-04-30T22:09:00Z,PT10M23S,26206838,2022-08-12 00:10:23
NZR4WEjpOQg,Winning A Game Of Fortnite In The Middle Of The Ocean,2018-04-25T22:09:02Z,PT10M15S,30822322,2022-08-12 00:10:15
vETSAZgfDP4,I Flew Using Only Balloons AND Leaf Blowers,2018-04-23T22:09:02Z,PT11M18S,32026042,2022-08-12 00:11:18
zE3FLbpu9-Q,"I Donated $40,000 To A Random Twitch Fortnite Streamer (world record)",2018-04-21T21:07:02Z,PT24M43S,23917300,2022-08-12 00:24:43
Izmibu7dxcs,Destroying My Friend's Car And Surprising Him With A New One,2018-04-13T22:21:00Z,PT15M12S,38088901,2022-08-12 00:15:12
2Pvt8awds44,Walking Up To Random People With 100 StormTroopers,2018-04-11T22:09:01Z,PT10M4S,18693866,2022-08-12 00:10:04
n9BbAfbsyj0,"I Donated $10,000 If They Said This Word (Twitch Streamers)",2018-04-04T22:19:00Z,PT13M5S,19850257,2022-08-12 00:13:05
WZ2rYlVxt4g,"Giving My 4,000,000th Subscriber 4,000,000 Cookies",2018-04-02T22:09:01Z,PT10M41S,13056821,2022-08-12 00:10:41
CWK6an4mYL0,"I Tipped Waitresses $20,000",2018-03-30T21:09:03Z,PT12M24S,14451571,2022-08-12 00:12:24
VwWV4JelEzY,Walking Into Random Stores With 100 Dinosaurs,2018-03-22T22:43:02Z,PT10M12S,31832100,2022-08-12 00:10:12
koRKIlRQj4g,I Built A Mansion Using Only Cardboard Boxes,2018-03-20T22:50:00Z,PT7M10S,25091913,2022-08-12 00:07:10
XKFKPQHdWRI,Breaking Glass Using Only Megaphones,2018-03-17T22:22:47Z,PT9M12S,53219497,2022-08-12 00:09:12
yuGEB4ZZdUQ,Tying My Shoes In Every State (World Record),2018-03-16T22:09:02Z,PT15M10S,17490037,2022-08-12 00:15:10
sg_XFT4K3N4,"I Dropped $20,000 From A Drone",2018-03-08T00:13:02Z,PT11M51S,7667913,2022-08-12 00:11:51
szt8xabJoSo,"Donating $10,000 To Fortnite Streamers If They Win",2018-03-03T23:21:02Z,PT16M6S,11264913,2022-08-12 00:16:06
Fbl3E_XCQfA,Trying To Fly Using Only Leaf Blowers,2018-03-01T23:09:03Z,PT13M10S,18148190,2022-08-12 00:13:10
Pe3pGsCeYXg,"Giving 3,000,000 Pennies To My 3,000,000th Subscriber",2018-02-22T23:14:03Z,PT10M10S,8626283,2022-08-12 00:10:10
yzGmnjDFuZE,"I Donated $30,000 To My Favorite Twitch Streamer (ninja)",2018-02-21T23:19:01Z,PT11M17S,36551144,2022-08-12 00:11:17
op0N7axawJA,"I Gave $20,000 To Random Homeless People",2018-02-17T00:40:00Z,PT10M56S,46867033,2022-08-12 00:10:56
l_huIWJBhJM,I Bought An Expensive Car Using Only $1 Bills,2018-02-13T23:10:01Z,PT10M29S,36779634,2022-08-12 00:10:29
7ALCsEyn3mg,I Bought The World's Most Expensive Apps ($10k),2018-02-08T23:35:00Z,PT10M44S,26761836,2022-08-12 00:10:44
CvMRiR4k49Y,We Delivered 100 Pizzas To Random Houses,2018-02-02T23:12:01Z,PT10M3S,9050539,2022-08-12 00:10:03
g2rbhIB-ITM,"I Donated $30,000 To A Random Twitch Streamer (world record)",2018-01-28T00:11:02Z,PT18M26S,32557307,2022-08-12 00:18:26
nLpqZEAFnkE,I Bought A Car Using Only Pennies,2018-01-25T23:10:03Z,PT12M8S,26221372,2022-08-12 00:12:08
sirrTXiPFmw,I Bought One Snickers Bar From Every Walmart,2018-01-13T23:15:01Z,PT10M40S,43662153,2022-08-12 00:10:40
nRkwuTOESCc,Donating Big Donations To Twitch Streamers!!!,2018-01-11T22:37:00Z,PT19M21S,27396451,2022-08-12 00:19:21
8bYzXI7bb8k,How Many Balloons Does It Take To Float?,2017-12-30T22:19:15Z,PT11M1S,25581373,2022-08-12 00:11:01
MZatl6kUZpw,"Can 10,000 Condoms Stop A Bullet?",2017-12-28T23:10:01Z,PT8M18S,12909429,2022-08-12 00:08:18
AS6WMS_Bemg,I Can't Believe I Found This Stuff On Amazon..,2017-12-22T23:19:10Z,PT8M21S,30195559,2022-08-12 00:08:21
wMn8d7IeCYM,"Saying ""Keep Net Neutrality"" For 10 Hours",2017-12-17T20:37:34Z,PT10H2S,2055428,2022-08-12 10:00:02
KEVpKoY85CI,I Cant Believe What Was In This Abandoned Storage Unit..,2017-12-16T23:09:01Z,PT10M45S,24268911,2022-08-12 00:10:45
N1KsSUG4Uoc,What Can You Cut With Paper?,2017-12-14T22:30:02Z,PT10M2S,28420805,2022-08-12 00:10:02
BMZP4CtphaU,Life Hacks You Need To Know,2017-12-08T22:49:10Z,PT10M4S,7237650,2022-08-12 00:10:04
ln9aLVd__8w,"Can 100,000 Pieces Of Paper Stop A Bullet?",2017-12-06T22:46:59Z,PT12M39S,25760992,2022-08-12 00:12:39
93s1JECSy60,"Giving My Mom $100,000 (Proudest Day Of My Life)",2017-12-02T21:10:08Z,PT12M25S,29953362,2022-08-12 00:12:25
yUXIx2l8kko,I Bought An Abandoned Storage Unit And Found This..,2017-12-01T23:44:58Z,PT12M9S,34883594,2022-08-12 00:12:09
YR6Wh2Zy9jE,"2,256 Miles In One Uber Ride (World Record)",2017-10-28T22:30:00Z,PT10M16S,41462076,2022-08-12 00:10:16
5PCxQSMOl3o,i'm really sorry,2017-10-26T21:30:00Z,PT3M27S,5526544,2022-08-12 00:03:27
5qzAVMe_SnM,Hi Me In Two Years (Made Two Years Ago),2017-10-04T21:30:00Z,PT1M50S,13356819,2022-08-12 00:01:50
P5h-SO_sByE,What Actually Happens When You Click On Spam Ads,2017-10-01T21:01:05Z,PT3M47S,3761140,2022-08-12 00:03:47
zAAXW7ySu1k,"Tipping Uber Drivers $10,000",2017-08-30T22:40:02Z,PT12M37S,4551240,2022-08-12 00:12:37
sx5k8xd_VoU,Going To The Connor McGregor fight!,2017-08-28T20:31:04Z,PT5M42S,5979721,2022-08-12 00:05:42
uotb9ZHnI2g,"Tipping Pizza Delivery Guys $10,000",2017-08-23T21:44:24Z,PT12M49S,21931218,2022-08-12 00:12:49
nPlqRbVFBHI,"Microwaving my iPhone, what happens next might shock you..",2017-08-20T19:37:51Z,PT6M6S,2668246,2022-08-12 00:06:06
_FX6rml2Yjs,"Saying Logan Paul 100,000 Times",2017-08-19T14:00:58Z,PT17H6M7S,21853249,2022-08-12 17:06:07
kupaqq-xJ_8,"Donating $10,000 To Random Twitch Streamers",2017-08-15T19:20:09Z,PT16M12S,10724305,2022-08-12 00:16:12
Er6QUQZbv0w,Breaking The Law,2017-07-09T21:20:50Z,PT3M57S,31137722,2022-08-12 00:03:57
4KVmSG6KS2k,"Giving Homeless People $1,000 (Not Clickbait)",2017-06-28T22:00:02Z,PT8M47S,6378303,2022-08-12 00:08:47
Lx9fRu5ehFo,We Are Better Than Dude Perfect,2017-06-24T18:40:12Z,PT2M37S,25164600,2022-08-12 00:02:37
KcsRxHwGz7A,Every Challenge I've Ever Done,2017-06-23T18:31:22Z,PT23H48M6S,825463,2022-08-12 23:48:06
ZJwX2jTXWwQ,Watching It's Everyday Bro For 10 Hours Straight,2017-06-17T21:06:02Z,PT10H11S,27268882,2022-08-12 10:00:11
N_GMakKf7G4,"Giving A Random Homeless Man $10,000",2017-06-15T23:10:02Z,PT10M2S,10439286,2022-08-12 00:10:02
63gyUQ_JeOE,Toothpaste Life Hacks YOU SHOULD KNOW,2017-06-13T22:30:01Z,PT4M43S,19654690,2022-08-12 00:04:43
IZVbzNRUlQI,"Reading The Longest English Word (190,000 Characters)",2017-06-02T22:00:01Z,PT1H54M48S,33519726,2022-08-12 01:54:48
8D3vI1615K4,Fidget Spinner Vs Face (Legit Had To Get Stitches),2017-05-02T23:30:00Z,PT7M7S,39254514,2022-08-12 00:07:07
igVcy5dtN80,Grilling A Microwave Microwaving A Microwave Microwaving A Toaster Toasting An Iphone Watching Micro,2017-03-30T22:10:41Z,PT3M8S,1941663,2022-08-12 00:03:08
dEOlvTqYUNo,#1 MOST INSANE MAGNET LIFE HACK EVER,2017-03-24T21:40:17Z,PT5M23S,26116742,2022-08-12 00:05:23
AS5CxLCWq-Q,Watching Dance Till You're Dead For 10 Hours,2017-03-21T22:40:12Z,PT10H1S,50926371,2022-08-12 10:00:01
jtOalDNVrKM,I Can't Break My Strange Addiction,2017-03-19T21:45:07Z,PT4M45S,1773792,2022-08-12 00:04:45
dDYP56hEYF0,OMG! INSANE CUP FORT,2017-03-14T22:40:01Z,PT5M9S,4047084,2022-08-12 00:05:09
pJSbLk-Iixc,Savage Level 9000,2017-03-08T23:10:06Z,PT2M1S,7149962,2022-08-12 00:02:01
iengNekeTNo,Reading The Youtube Terms Of Service,2017-03-07T23:10:02Z,PT25M57S,487559,2022-08-12 00:25:57
rqUvnLPvbrM,Reacting To The Reaction Of The Reaction To The Reaction Of The Reaction Of The Reaction To The Reac,2017-02-22T00:00:04Z,PT33M29S,7563685,2022-08-12 00:33:29
9CVwXBYVqVk,"Counting To 200,000 (Road To A Mil)",2017-02-18T00:00:03Z,PT23H34M38S,3591611,2022-08-12 23:34:38
i8pmk5xnO2s,Microwaving Dry Ice (Microwave Explodes),2017-02-09T22:29:35Z,PT6M3S,3266471,2022-08-12 00:06:03
xWcldHxHFpo,"I Counted To 100,000!",2017-01-09T00:00:39Z,PT23H48M7S,27087513,2022-08-12 23:48:07
YH1-fDzHHpo,we are number one but every one is a bad intro,2016-12-25T00:00:00Z,PT3M41S,1930205,2022-08-12 00:03:41
ntlG5XgYg4k,Microwaving A Microwave Microwaving A Toaster,2016-12-23T00:00:04Z,PT14M20S,4804205,2022-08-12 00:14:20
Qy17S3g8ZuY,HOW TO UNLOCK ANY IPHONE WITHOUT THE PASSCODE,2016-12-21T02:00:00Z,PT8M51S,22822669,2022-08-12 00:08:51
PJyWmlWNor8,WHY DO THEY SELL THIS ON AMAZON?,2016-12-18T02:00:04Z,PT10M12S,8593634,2022-08-12 00:10:12
KzwTYZ2W3ZA,Microwaving A Microwave,2016-12-09T02:45:18Z,PT10M4S,11129506,2022-08-12 00:10:04
9fa_JYTPZ2Y,IF YOU ONLY SEE ORANGE YOU'RE COLOR BLIND,2016-12-05T02:21:43Z,PT3M53S,1748340,2022-08-12 00:03:53
t1BWMa8btIw,I Mailed Myself IN A BOX & it REALLY WORKED! (Human Mail Challenge),2016-11-30T02:31:18Z,PT5M41S,15896832,2022-08-12 00:05:41
2O8wta4FsD4,STUPIDEST PERSN ON EART (Really Dumb),2016-11-28T00:01:52Z,PT5M26S,2478851,2022-08-12 00:05:26
dSDBr0WjrwQ,"Reading The Entire Bee Movie Script But Everytime They Say ""Bee"" I Repeat All the Previous Bees",2016-11-25T01:43:37Z,PT1H30M59S,10604031,2022-08-12 01:30:59
DbC9CauTXoM,THE WORST THINGS EVER TO EXIST,2016-11-19T00:40:47Z,PT5M18S,3675208,2022-08-12 00:05:18
yhNcDBnQsEY,BLOWING UP $1000 KEYBOARD *RIP WALLET*,2016-11-11T23:02:10Z,PT5M16S,3816452,2022-08-12 00:05:16
Wyyqz3OxB5c,MY $1000 KEYBOARD CHANGED MY LIFE,2016-11-03T21:32:53Z,PT3M33S,13336267,2022-08-12 00:03:33
KO8B2kw_Jxs,I BOUGHT A 1000$ KEYBOARD,2016-10-25T21:06:50Z,PT6M21S,1518187,2022-08-12 00:06:21
NEDPgQYhbqs,IF ONLINE ADS WERE REAL,2016-10-16T20:30:00Z,PT4M36S,9802579,2022-08-12 00:04:36
DpIvW6av0pI,IT FINALLY CAME IN THE MAIL,2016-10-10T21:05:39Z,PT5M33S,254826,2022-08-12 00:05:33
RPcXg2-0ejw,Bleach Bottle Flips (COP CALLED),2016-10-09T20:06:23Z,PT4M43S,1182416,2022-08-12 00:04:43
jhYG5BStQSk,Hi Me In A Year (Scheduled Uploaded A Year Ago),2016-10-04T21:00:01Z,PT1M59S,1356581,2022-08-12 00:01:59
wTIPpjUgAFE,Epic New Gaming And Youtube Setup 2016,2016-09-30T22:32:04Z,PT5M,351924,2022-08-12 00:05:00
vBp0bzVr09s,LISTENING TO OLD VOICEMAILS FOR THE FIRST TIME,2016-08-28T21:00:01Z,PT5M13S,274711,2022-08-12 00:05:13
AXjdI_LHWJU,GAMBLING MONEY WITH SCRATCH OFF TICKETS,2016-08-26T22:30:01Z,PT7M56S,2984737,2022-08-12 00:07:56
dJCsc_Cq9i4,BEST WALMART TOILET PAPER FORT,2016-08-24T21:00:01Z,PT4M16S,1429590,2022-08-12 00:04:16
bqpKlkPpT10,100 LAYERS OF SARAN WRAP + TOILET PAPER!!,2016-08-23T21:01:56Z,PT8M3S,3168315,2022-08-12 00:08:03
TIIU1ivhLKs,WORST REVIEWS ON AMAZON #4 *FUNNY*,2016-08-21T21:17:07Z,PT4M19S,1632626,2022-08-12 00:04:19
G4qOiwIE_o0,HOW MUCH MONEY DO YOUTUBERS MAKE?,2016-08-14T20:20:03Z,PT3M25S,3035171,2022-08-12 00:03:25
yozl6enFC-w,THE WORST SONG ON YOUTUBE *CRINGE*,2016-08-08T20:00:02Z,PT4M8S,775696,2022-08-12 00:04:08
LP_mGU3CgXk,SURPRISING MY BROTHER WITH A LAPTOP,2016-08-07T19:35:12Z,PT2M56S,1590619,2022-08-12 00:02:56
DoIQMkoYSzw,"SELLING ORGANS FOR $1,000,000",2016-08-02T20:02:21Z,PT5M35S,3512345,2022-08-12 00:05:35
e-If_d_bzfI,POKEMON GO STEREOTYPES,2016-07-14T17:36:53Z,PT3M27S,2166010,2022-08-12 00:03:27
5J6-5g2alp8,"100,000 SUBSCRIBERS.EXE",2016-07-08T20:00:00Z,PT4M26S,985474,2022-08-12 00:04:26
qjGNBluF6_I,WORST REVIEWS ON AMAZON #2 HOW IS THIS LEGAL?,2016-07-02T20:30:01Z,PT4M50S,1156456,2022-08-12 00:04:50
TLoDwqQF5ug,BLOWING UP MY TABLET,2016-07-01T20:30:01Z,PT2M44S,141215,2022-08-12 00:02:44
uAFGIQPWL54,Worst Reviews On Amazon #1 (Minecraft Edition),2016-06-26T21:24:27Z,PT4M16S,692951,2022-08-12 00:04:16
SaDDjW9Rw-M,WORST THUMBNAILS ON YOUTUBE #3,2016-06-21T20:01:20Z,PT3M4S,771554,2022-08-12 00:03:04
CHdy9wND1jo,REACTING TO MY OLD MINECRAFT VIDEOS (HORRIBLE),2016-06-19T20:36:36Z,PT9M5S,1276259,2022-08-12 00:09:05
9LiS_3HEErU,HOW TO MAKE A GOOD INTRO FOR YOUTUBE,2016-06-14T20:51:19Z,PT3M4S,161498,2022-08-12 00:03:04
hRj5qNfkdO0,WORST BANNERS ON YOUTUBE #1,2016-06-13T21:13:33Z,PT4M15S,625997,2022-08-12 00:04:15
ocruJKe2tFk,"50,000 Subscribers.exe",2016-06-11T21:01:16Z,PT3M35S,306297,2022-08-12 00:03:35
MgRMNzKknto,Dude Perfect 4.0 - We Are Totally Better,2016-06-06T21:01:41Z,PT3M42S,390517,2022-08-12 00:03:42
tqO3_AKC5Ks,CUTTING TABLE IN HALF WITH PLASTIC KNIVES,2016-06-04T20:31:28Z,PT4M5S,3621065,2022-08-12 00:04:05
XW1TsAVdXsw,BEST INTROS ON YOUTUBE #1,2016-06-01T20:42:11Z,PT5M39S,26508599,2022-08-12 00:05:39
Qhdj_Umh1IE,Motivation For Youtubers #6 LAST ONE,2016-05-24T15:00:01Z,PT2M59S,105364,2022-08-12 00:02:59
fN_RQFqaGHI,How Many Licks Does It Take To Get To The Center Of A Tootsie Pop?,2016-05-19T21:00:01Z,PT12M37S,347562,2022-08-12 00:12:37
hC3xW8xeCDs,Motivation For Youtubers #5,2016-05-15T21:00:01Z,PT2M28S,130736,2022-08-12 00:02:28
xGJEPTCw9GU,18th Birthday QNA - Mom's Hair Dryer Age?,2016-05-07T21:00:00Z,PT4M9S,297802,2022-08-12 00:04:09
FmjsePPBbdU,WORST MEMES AND TRENDS ON YOUTUBE!,2016-05-01T21:00:00Z,PT4M1S,607546,2022-08-12 00:04:01
lMLEcUXz6T8,Cereal Commentary,2016-04-28T00:36:58Z,PT5M39S,97455,2022-08-12 00:05:39
BKJy7BFP3Is,WHERE IS MY COOKIE?????,2016-04-24T21:31:29Z,PT2M42S,70084,2022-08-12 00:02:42
1gfgZhW3YgU,"How Much Money Do Big Youtubers Make? (Pewdiepie, Markiplier, etc)",2016-04-22T21:02:56Z,PT3M48S,80744,2022-08-12 00:03:48
VXmKt_1T0QM,Struggles Of Being A Youtuber,2016-04-19T21:30:01Z,PT3M14S,86387,2022-08-12 00:03:14
6XCUHLhdnEY,Reenacting Youtubers,2016-04-16T21:32:25Z,PT3M41S,130148,2022-08-12 00:03:41
ttWTSskmxTA,Life Before And After Gamma (Insane) @GFuelEnergy,2016-04-13T23:08:34Z,PT2M59S,29754,2022-08-12 00:02:59
5bCyFf8lSfk,Worst Thumbnails On Youtube #2 - Cringe,2016-04-10T22:00:00Z,PT2M29S,255746,2022-08-12 00:02:29
ngVEpJs5A5s,Motivation For Small Youtubers #4 - Inspiration For Youtubers,2016-04-08T00:11:29Z,PT3M10S,101923,2022-08-12 00:03:10
zjC48c3ptt0,Scheduled Uploaded 6 Months Ago (REACTION),2016-04-06T21:02:02Z,PT5M24S,105052,2022-08-12 00:05:24
rS2sntC-lJI,Dude Perfect 3.0 - We Are Better,2016-04-04T21:30:00Z,PT3M13S,642142,2022-08-12 00:03:13
fG1N5kzeAhM,Dear Future Me (Scheduled Uploaded 6 Months Ago),2016-04-04T19:30:01Z,PT2M25S,1904653,2022-08-12 00:02:25
vT_gRRMjDi0,$100 GIVEAWAY PRANK (NO WEAPONS INVOLVED),2016-04-03T21:00:00Z,PT4M51S,41120,2022-08-12 00:04:51
dfcPUqiivDY,GIVING AWAY $100 ITUNES GIFT CARDS,2016-04-01T20:45:18Z,PT2M10S,82647,2022-08-12 00:02:10
zCR6DJX7Kak,Walking Dead Daryl DIED (Fan Reaction To Death),2016-03-28T02:10:15Z,PT43S,107468,2022-08-12 00:00:43
4cX-w-ia0RU,Why Do Youtubers Ask For Likes?,2016-03-27T21:50:19Z,PT3M26S,147452,2022-08-12 00:03:26
2nVjy-zd65Q,Making My Background More Epic,2016-03-26T21:00:00Z,PT3M28S,33555,2022-08-12 00:03:28
xlzpD4GeBW0,Doing Youtube For Fun Or Views?,2016-03-23T23:51:29Z,PT3M45S,34546,2022-08-12 00:03:45
8ZTy3K2QgOY,Pranks That Went Horribly Wrong,2016-03-19T21:00:00Z,PT4M34S,2008683,2022-08-12 00:04:34
k9zko79_3_I,Who Founded Faze? Who Created Faze Clan?,2016-03-18T00:23:07Z,PT5M25S,1991186,2022-08-12 00:05:25
fYnPyLfxSJg,Subscriber Goals For 2017,2016-03-09T23:35:32Z,PT3M54S,53286,2022-08-12 00:03:54
pBH_QL4JGcI,"20,000",2016-03-08T00:35:01Z,PT4M16S,113962,2022-08-12 00:04:16
1wtFD9zSQO8,The Dreaded Unanswerable Question,2016-02-29T23:56:41Z,PT4M30S,75412,2022-08-12 00:04:30
VqhjiwmGNKA,WORST THUMBNAILS ON YOUTUBE,2016-02-28T20:48:25Z,PT2M55S,521757,2022-08-12 00:02:55
EhZ9gHZOZT8,Beast Goes Camping (Didn't Go Wrong) (Didn't Go Sexual),2016-02-20T23:07:55Z,PT4M45S,98142,2022-08-12 00:04:45
LHtkve6-O0g,NBA Interviews Gone Wrong (No Gun Pulled),2016-02-20T14:56:51Z,PT2M34S,39389,2022-08-12 00:02:34
m3Ol8zn7brk,Movie Trailers Be Like,2016-02-15T18:31:34Z,PT1M42S,70537,2022-08-12 00:01:42
qBiZA4QDsj0,What Is Youtube Red? Should I Buy Youtube Red?,2016-02-10T23:42:47Z,PT4M39S,73111,2022-08-12 00:04:39
NeOrh4GnPZ4,Things I Hate #2 - Youtube Edition,2016-02-09T01:26:28Z,PT4M28S,137553,2022-08-12 00:04:28
fWhfOAuOqjY,Super Bowl Commercial 2016 Cost - How Much Does A Commercial Cost In 2016 Super Bowl?,2016-02-07T18:20:40Z,PT2M57S,62844,2022-08-12 00:02:57
9Ax56oRhcZc,Counting To 10000 In One Sitting,2016-02-01T00:27:55Z,PT3H29M41S,55559659,2022-08-12 03:29:41
-cWVrFABWHw,HOW TO MAKE A VIRAL PRANK VIDEO 100% LEGIT,2016-01-26T21:38:09Z,PT2M26S,103594,2022-08-12 00:02:26
z7qtJAAV5d0,Is Obama Dead? Dumb Google Searches!,2016-01-24T00:21:47Z,PT5M24S,206992,2022-08-12 00:05:24
9pk-neTrDoM,How To Be MrBeast (Made By Really Old Subscriber),2016-01-23T19:46:56Z,PT5M21S,50943,2022-08-12 00:05:21
JQscW6DfNZY,Should You Play Video Games?,2016-01-22T17:04:58Z,PT2M59S,64459,2022-08-12 00:02:59
9smE_EiKJ8Q,School Is A Waste Of Time,2016-01-21T22:45:37Z,PT2M54S,103391,2022-08-12 00:02:54
hfaPkoXeYfU,Is Michael Bay My Dad????????,2016-01-18T21:46:21Z,PT1M46S,55162,2022-08-12 00:01:46
u0hHxeWkB_o,Lottery Taxes - How Much Tax Is If You Win The Lottery,2016-01-16T19:25:35Z,PT3M40S,109371,2022-08-12 00:03:40
64WGWubQO3I,Motivation For Small Youtubers #3,2016-01-12T00:57:36Z,PT3M31S,134344,2022-08-12 00:03:31
QJUs6CSRCFU,Giving Away Two $15 Gift Cards (forgive me boyz),2016-01-10T23:32:03Z,PT3M11S,33457,2022-08-12 00:03:11
Om4c4ilT_6g,Do Dislikes Matter On Youtube - Are Dislikes Bad Or Good?,2016-01-07T22:19:01Z,PT4M24S,346324,2022-08-12 00:04:24
GbOfxRfHdeg,How To Get Active Subscribers On Youtube? Tips 2016,2016-01-05T22:05:42Z,PT5M45S,60885,2022-08-12 00:05:45
yzxYCRDcGDs,Reaction Channels Are Stupid??????? #JCTG,2016-01-05T01:49:06Z,PT3M14S,45662,2022-08-12 00:03:14
PCakYf_PnT0,Goodbye Laptop,2016-01-01T23:49:09Z,PT2M16S,127113,2022-08-12 00:02:16
8nv_ltg4RAg,2015 Year Highlights,2015-12-30T20:18:43Z,PT4M3S,40156,2022-08-12 00:04:03
VvphlSvCyj8,MrBeast Rest In Pepperoni 6000,2015-12-27T20:15:59Z,PT3M4S,195301,2022-08-12 00:03:04
JP3v6UxI124,How To Think Of Good Video Ideas (Tips),2015-12-26T17:38:52Z,PT6M13S,85051,2022-08-12 00:06:13
lxEkV9p6o48,"15,000 Subscribers Speedart!",2015-12-25T20:45:45Z,PT1M29S,65419,2022-08-12 00:01:29
jRURlbRAUhI,Whats That Song Name?,2015-12-24T17:01:11Z,PT1M52S,173460,2022-08-12 00:01:52
I_3R9YGFlHE,The Anti-Beast (R.I.P. Beast),2015-12-23T23:51:22Z,PT2M39S,422824,2022-08-12 00:02:39
xjJJ_wDlc1E,"Reacting To Family Accounts (MamaBeast, MrBeast'sLaptop, Etc)",2015-12-22T22:30:23Z,PT9M55S,906881,2022-08-12 00:09:55
cqirhwhq_qM,Do Youtubers Pay Taxes????? (USA),2015-12-19T19:21:52Z,PT6M31S,81113,2022-08-12 00:06:31
3IQdDBwc42o,Why Does This Video Have No Thumbnail?,2015-12-15T01:43:00Z,PT3M1S,60331,2022-08-12 00:03:01
_jmooGKD-KM,How To Make Illuminati Confirmed Videos Like Peladophobian,2015-12-12T17:56:59Z,PT4M14S,164393,2022-08-12 00:04:14
4YHnf3YepwU,Totally 100% Real Epic Ping Pong Trickshots,2015-12-11T22:00:01Z,PT1M21S,53896,2022-08-12 00:01:21
uxzBq4Y_fNw,Exams Be Like,2015-12-10T00:15:18Z,PT4M22S,208559,2022-08-12 00:04:22
HIhUkvAG0o4,How Many People Have A Silver Play Button????,2015-12-08T22:22:47Z,PT3M33S,175928,2022-08-12 00:03:33
cpI5lCaqZcQ,How To Get More Views And Subscribers On Youtube (2016),2015-12-03T21:00:00Z,PT3M30S,50148,2022-08-12 00:03:30
6zQhLOw1nw8,Should You Do COD Commentaries In 2016????,2015-12-02T23:51:26Z,PT3M47S,34940,2022-08-12 00:03:47
mfvi_jgdVqE,THINGS I HATE #1,2015-12-02T01:20:16Z,PT3M45S,337604,2022-08-12 00:03:45
zExxMxcoJ6A,Worst MrBeast6000 Intros?? (Fan Made!),2015-11-30T21:38:00Z,PT2M33S,449133,2022-08-12 00:02:33
hD_Af6W2qug,Dear Razer Can I Have My 70$ Back?????,2015-11-29T21:10:16Z,PT2M59S,7508544,2022-08-12 00:02:59
XOtTKQujlkI,"How Many People Get The Golden Play Button? (1,000,000 Subscribers)",2015-11-28T00:45:38Z,PT3M,92092,2022-08-12 00:03:00
dRqthQ2Mc_0,"Spam404 Has Terminated 5,000,000 Videos (Including Pewdiepie)",2015-11-26T17:36:51Z,PT2M23S,91318,2022-08-12 00:02:23
8TFq_vvO_Wg,MrBeast6000's First Video (So Bad lol),2015-11-19T21:29:40Z,PT3M7S,12808515,2022-08-12 00:03:07
oo8ve4Ldpck,The Evolution Of My Youtube Banners,2015-11-18T21:16:57Z,PT59S,48921,2022-08-12 00:00:59
sKn8Tbp2a-4,"Shark Tank Most Successful Products, Entrepreneurs, Or Businesses 2015",2015-11-08T19:33:42Z,PT4M54S,130910,2022-08-12 00:04:54
g0IrVKXIbmE,PSYCHO FRIEND SMASHES MY LAPTOP! (Mc Juggernuggets Parody),2015-11-06T00:07:37Z,PT1M32S,200588,2022-08-12 00:01:32
2Om2M4_Kyd0,FREE TO USE BO3 GAMEPLAY - 1080p,2015-11-03T01:58:07Z,PT2M45S,39170,2022-08-12 00:02:45
KaaEivIqX6M,Double Agent (Short Film),2015-11-01T14:33:38Z,PT7M50S,96548,2022-08-12 00:07:50
W4gBpws7Ug8,YOU ONLY DO YOUTUBE FOR VIEWS,2015-10-29T21:12:15Z,PT5M34S,47292,2022-08-12 00:05:34
NT3EkjxO8hs,"10,000 QNA With MUM",2015-10-29T00:21:29Z,PT3M55S,228769,2022-08-12 00:03:55
syMozMiJneM,Why I Stopped Playing Video Games - Video Game Commentary,2015-10-25T21:20:24Z,PT4M44S,43481,2022-08-12 00:04:44
uhJ6ztPiqdw,Beast's Room Tour,2015-10-24T15:47:07Z,PT3M42S,214113,2022-08-12 00:03:42
Wt6cMjn3YLg,YOUTUBE RED STEALS CONTENT CREATORS MONEY? What Is Youtube Red?,2015-10-21T23:13:36Z,PT5M26S,33351,2022-08-12 00:05:26
OEuS7fjMlMc,Millions Of Views!,2015-10-18T23:15:40Z,PT3M47S,402426,2022-08-12 00:03:47
1Pr-R2nKTY4,"How To Get 1,000 Subscribers On Youtube - Vlogs Gaming",2015-10-15T20:12:22Z,PT3M34S,64995,2022-08-12 00:03:34
QqdUhn99E-s,High School Education Be Like (Paying Taxes),2015-10-14T21:10:31Z,PT2M46S,33280,2022-08-12 00:02:46
1UygJmcHUdQ,I Got Bored Of Studying So This Happened,2015-10-13T01:15:19Z,PT2M9S,342143,2022-08-12 00:02:09
g4DAFnZcCcQ,Best Microphone For Youtube (Gaming Commentaries Vocals Singing Podcast),2015-10-11T18:56:01Z,PT3M37S,32138,2022-08-12 00:03:37
LTr8cXAxy1I,9k Subs - Channel Talk,2015-10-10T17:20:05Z,PT4M35S,68189,2022-08-12 00:04:35
Ow3xqv7ahXo,How Much Money Does Bill Gates Make / Have - Billionaire,2015-10-09T22:27:01Z,PT4M4S,76198,2022-08-12 00:04:04
TRiF8PdrIP8,MrBeast6000's Channel Trailer,2015-10-08T20:00:00Z,PT1M55S,1527333,2022-08-12 00:01:55
NFZ_MtTvwm0,Best Non-Copyrighted Songs For Videos! (Intros Vlogs Gaming Trailers) 2016,2015-10-05T22:41:22Z,PT2M59S,61021,2022-08-12 00:02:59
Pgxi8dsUW-o,Is Being A Youtuber Hard? Is Being A Youtuber Worth It?,2015-10-04T20:35:42Z,PT5M21S,64459,2022-08-12 00:05:21
YY2-jJojnOA,Best Green Screen Lighting Ever? (Joking Obviously),2015-10-03T21:06:46Z,PT3M27S,213373,2022-08-12 00:03:27
7Pogam71094,How Do Youtubers Make Money? How Do Youtubers Get Paid?,2015-09-29T23:16:50Z,PT6M6S,65231,2022-08-12 00:06:06
DL0OPJ2hahc,Increase Youtube Views 2015! COMMUNITY CHANNELS - Boosting Youtube Views,2015-09-27T21:04:03Z,PT3M52S,27701,2022-08-12 00:03:52
WwE0tR08OTU,Originality - A Youtube Poem By MrBeast6000,2015-09-26T23:04:34Z,PT1M48S,30696,2022-08-12 00:01:48
2LIJtcI4dbg,Stupid Things People Search On Google,2015-09-25T22:57:49Z,PT6M9S,1348064,2022-08-12 00:06:09
rXnaD7PU9kY,"Ad Blocker For Chrome and Mobile, Should You Use It?",2015-09-23T23:54:06Z,PT5M15S,68373,2022-08-12 00:05:15
Ng_qwlvhrJo,PC Master Race Vs Console Peasants,2015-09-21T23:40:01Z,PT1M59S,37752,2022-08-12 00:01:59
bzIPun3cVsw,Shia Labeouf Motivates Youtubers!,2015-09-19T22:53:26Z,PT1M28S,161958,2022-08-12 00:01:28
miKQkeq5sbU,Knives In Video Games Cost More Than Real Life????,2015-09-18T23:57:02Z,PT3M43S,40304,2022-08-12 00:03:43
Lwt_VThQIdM,"Why I Sold My PS4, Not A Gaming Channel???",2015-09-18T00:21:53Z,PT4M6S,36814,2022-08-12 00:04:06
P2oPACr4uuU,Selling PS4 For $250 + Elgato For $100!,2015-09-16T22:26:34Z,PT2M38S,31816,2022-08-12 00:02:38
h-D6ukDcS9o,Do Tags Do Anything On Youtube?????,2015-09-13T20:48:10Z,PT3M37S,78473,2022-08-12 00:03:37
mY77HA20MzA,Bronze And Platinum Play Buttons?????,2015-09-13T00:23:55Z,PT4M23S,619971,2022-08-12 00:04:23
4krBgDFycgY,7k SUBS! Smashing Ghost + AW! Plus Channel Talk!,2015-09-09T21:48:18Z,PT4M58S,49360,2022-08-12 00:04:58
dpUxRIqbNlc,Exility vs Dr.Pineapplez - Misleading Contest!,2015-09-08T22:06:36Z,PT4M19S,38422,2022-08-12 00:04:19
Cp431S5z8PE,6 Uses For Your Advanced Warfare Disk!,2015-09-07T20:40:56Z,PT1M5S,26220,2022-08-12 00:01:05
ttLYXcza4j4,MrBeast’s Outro Song,2015-09-05T20:15:02Z,PT2M11S,8024386,2022-08-12 00:02:11
3-f9DEFsh4w,Watching Video Games Is A Waste Of Time????,2015-09-05T16:14:19Z,PT4M10S,26111,2022-08-12 00:04:10
vuOTP206zWM,"Pewdiepie's Shoutout, What Would You Do If You Won?",2015-09-05T00:49:25Z,PT4M38S,34363,2022-08-12 00:04:38
J590MYm0SY8,How I Will Survive The Zombie Apocalypse!,2015-08-31T22:11:06Z,PT6M1S,194390,2022-08-12 00:06:01
vGB2d5cQJpY,How Much Money Do Youtubers Make? Real Numbers!,2015-08-30T21:37:55Z,PT3M14S,187409,2022-08-12 00:03:14
M94G0iKYiSM,HONEST Shout Out Sunday! Free Subscribers!,2015-08-30T18:06:45Z,PT3M30S,25998,2022-08-12 00:03:30
pGYyUssWLTA,Social Media As A Job????,2015-08-29T18:20:31Z,PT3M9S,25866,2022-08-12 00:03:09
j7kM8G_AjuY,Airplane Pilots Last Words Before Death,2015-08-28T21:56:21Z,PT2M29S,95120,2022-08-12 00:02:29
deK-My3Of0o,How Much Do T.V. Commercials Cost?????,2015-08-28T01:40:10Z,PT3M29S,27243,2022-08-12 00:03:29
oB8kFFvJdhE,How To Tweet When You're Dead! DEADSOCIAL Facebook And Instagram Also!,2015-08-27T10:00:01Z,PT4M29S,25985,2022-08-12 00:04:29
X9eXa-Uzuj0,My Favorite FaZe Clan Members?????,2015-08-26T10:00:00Z,PT3M54S,34231,2022-08-12 00:03:54
GxTVDClFXuc,MrBeast6000Subs,2015-08-23T11:00:00Z,PT5M32S,336421,2022-08-12 00:05:32
kGaq-Qi9hoE,"Youtube Networking - Aka Fake Likes, Subs, And Comments",2015-08-21T20:04:55Z,PT4M28S,26166,2022-08-12 00:04:28
9zFfp3gzZ88,I Hate Youtubers That Ask For Likes,2015-08-20T19:13:03Z,PT4M16S,134026,2022-08-12 00:04:16
mM2KwBYa-u4,My Mom Found My Channel!! :0,2015-08-20T01:44:22Z,PT4M32S,628951,2022-08-12 00:04:32
WAcmsAISniQ,1080p FREE TO USE BLACK OPS 3 GAMEPLAY,2015-08-19T21:35:16Z,PT2M23S,53720,2022-08-12 00:02:23
kqUT-s3a6tU,"Black Ops 3 First Impressions, My First Game",2015-08-19T02:44:52Z,PT3M41S,26034,2022-08-12 00:03:41
NUVglXbGBfs,Dogs Opinions On Youtubers Getting BO3 Early,2015-08-18T20:55:37Z,PT1M16S,51708,2022-08-12 00:01:16
T-v4b3WtPAg,BO3,2015-08-18T17:07:49Z,PT3M41S,532442,2022-08-12 00:03:41
m8qGlpcfAIw,Xbox One Destroyer? COD Advertisement Is Free,2015-08-18T01:08:14Z,PT4M8S,25878,2022-08-12 00:04:08
afL8tYlnrj4,What Is Yanet Actually Thinking?????,2015-08-17T01:24:47Z,PT3M9S,104516,2022-08-12 00:03:09
uZPkMnv8b-o,Modern Art Is A Joke,2015-08-15T10:00:01Z,PT2M56S,41304,2022-08-12 00:02:56
qVLr6SMxvJw,5 Steps To Becoming Successful On Youtube!,2015-08-14T10:00:03Z,PT3M13S,48882,2022-08-12 00:03:13
4AigP5OY8JE,Time,2015-08-13T10:00:00Z,PT2M21S,48739,2022-08-12 00:02:21
RMoFUeBVefA,Beast $500ish Youtube PC Great For Making Videos!,2015-08-12T10:00:00Z,PT4M4S,48952,2022-08-12 00:04:04
ep7S1XnuQLU,"5,000 Hype",2015-08-11T10:00:00Z,PT3M5S,92687,2022-08-12 00:03:05
p6bzNpgbX8Y,What Is Crohns Disease?????,2015-08-10T10:00:01Z,PT4M21S,159884,2022-08-12 00:04:21
6T17licWsQ4,Leaving For 7 Days,2015-08-09T14:26:58Z,PT7M11S,33317,2022-08-12 00:07:11
1s6UOlWdpw4,Motivation For Youtube - Ultimate Small Youtuber Motivation #2,2015-08-08T22:15:43Z,PT3M29S,105993,2022-08-12 00:03:29
3LuchpUc7PU,Should I Buy An Elgato Game Capture??,2015-08-07T10:00:00Z,PT2M57S,26268,2022-08-12 00:02:57
_f6xCA0-gAo,Fanboy Opinions On Black Ops 3,2015-08-06T00:58:47Z,PT3M56S,25866,2022-08-12 00:03:56
lfD7kMZKuNg,Big Channel's Starting Over???,2015-08-05T10:00:02Z,PT3M19S,26577,2022-08-12 00:03:19
ejlkNGm82w4,SAT And Some Random Stuff,2015-08-04T22:14:13Z,PT3M26S,28553,2022-08-12 00:03:26
Jtj9rUqlB1Y,How Many Youtubers Are Millionaires???,2015-08-04T00:18:58Z,PT2M49S,62051,2022-08-12 00:02:49
ZqzFRGH_tMQ,Always Changing My Name? Mr.Beast or MrBeast6000,2015-08-03T10:00:03Z,PT2M41S,130464,2022-08-12 00:02:41
94A-bsumX9A,How Much Youtube Money Do I Make???,2015-08-03T02:19:22Z,PT2M28S,337116,2022-08-12 00:02:28
gYaxI_allkQ,Am I Ian From Smosh????,2015-08-02T19:09:03Z,PT2M18S,489631,2022-08-12 00:02:18
AjXbO2XfBkE,How Do You Turn Off A PS4? Xbox Noob In Need Of Help,2015-08-01T21:51:25Z,PT1M12S,64835,2022-08-12 00:01:12
ZQZzR0DUujc,"New Optic Gaming Gear Coming To Advanced Warfare, My Thoughts",2015-08-01T16:47:55Z,PT2M31S,26349,2022-08-12 00:02:31
-V3-fhJQZkk,Youtube Collabs? Collabbing with Mr.Beast?,2015-08-01T10:00:01Z,PT3M33S,62067,2022-08-12 00:03:33
QX0wvWGW2qg,Sacrifices And Youtube,2015-07-31T18:03:32Z,PT3M39S,26475,2022-08-12 00:03:39
oODUkNQAzXU,5$ To Advertise Your Youtube Channel???,2015-07-31T00:13:08Z,PT2M1S,105063,2022-08-12 00:02:01
2jWZtKTN6jU,Reuploading Other Youtubers Videos? Stealing Big Youtubers Videos.,2015-07-30T18:23:18Z,PT4M14S,31766,2022-08-12 00:04:14
zsADECFHY8w,4k Subscriber's! First Channel Story!,2015-07-30T01:56:38Z,PT5M14S,64653,2022-08-12 00:05:14
Feh8o-HmthM,People Who Got Rich From Movie Trailers On Youtube,2015-07-29T19:00:00Z,PT3M26S,65999,2022-08-12 00:03:26
6Xv-LVYZQxk,Beast Gaming Set Up #almost4k,2015-07-29T15:31:24Z,PT2M31S,54997,2022-08-12 00:02:31
8-0ZHJHp9g4,Advanced Warfare DLC 4 Honest Parody,2015-07-29T00:37:21Z,PT2M37S,25900,2022-08-12 00:02:37
QqIG0R-KpGk,World's Worst Thieves,2015-07-28T17:17:48Z,PT3M29S,58077,2022-08-12 00:03:29
qENpZBzgaUM,VANOSSGAMING IS IN TROUBLE,2015-07-27T22:13:05Z,PT2M53S,208646,2022-08-12 00:02:53
4DYBVA4884Y,SpiderMan Robs Walmart?????,2015-07-26T19:21:24Z,PT3M7S,25816,2022-08-12 00:03:07
skEf9R0TXkM,My Upload For ThunderstruckGaming,2015-07-25T22:35:54Z,PT3M40S,26564,2022-08-12 00:03:40
CnMv_zTXZ38,Best FNAF 4 Fake Reactions! So Funny lol,2015-07-25T16:38:00Z,PT2M27S,63251,2022-08-12 00:02:27
bEIK5ni_Pzs,How Many People Get The Diamond Play Button?????,2015-07-25T10:00:03Z,PT3M56S,1737703,2022-08-12 00:03:56
_oZyp4mTzSQ,Supply Drops For Charity! Ep #2,2015-07-24T10:00:00Z,PT5M2S,25792,2022-08-12 00:05:02
is1LSWbssuA,Best Thing To Happen To This Channel?????,2015-07-23T10:00:00Z,PT1M28S,26583,2022-08-12 00:01:28
XR_q9_LEKuc,Supply Drop Challenge For Charity,2015-07-22T17:59:43Z,PT4M55S,26481,2022-08-12 00:04:55
X9UiBpDHW3w,FaZe Clan Vs Pewdiepie Who Would Win?????,2015-07-21T18:51:04Z,PT2M51S,37784,2022-08-12 00:02:51
PRU47AuQF2M,"FaZe Adapt ""Stuttertage""",2015-07-20T17:49:03Z,PT4M44S,78974,2022-08-12 00:04:44
Y3Rxgf5_R_I,The COD Community? Sleeping With Your Mom?,2015-07-19T17:37:51Z,PT3M3S,25791,2022-08-12 00:03:03
R6zuvKbvKyU,Exility And Some Other Stuff - Update Vid,2015-07-18T18:02:27Z,PT4M45S,42601,2022-08-12 00:04:45
yCKe65Nvp0Q,Every Minecraft Let's Play Ever In Under A Minute,2015-07-16T22:00:01Z,PT1M,78188,2022-08-12 00:01:00
XBe57FyB2xU,Why I deleted Today's First Upload,2015-07-16T17:03:16Z,PT1M55S,40238,2022-08-12 00:01:55
zpCwHwWgbsI,What Is Spam404?????,2015-07-15T15:05:18Z,PT5M11S,33061,2022-08-12 00:05:11
lh61MVUxJt0,The History Of Pewdiepie In 2 Minutes,2015-07-14T10:00:01Z,PT2M6S,168853,2022-08-12 00:02:06
yWnmEPgLroQ,TWITCH STREAMERS REACT TO RECEIVING THOUSANDS FROM SAME GUY!,2015-07-13T10:00:01Z,PT7M32S,193364,2022-08-12 00:07:32
eBklqeeIu10,I Hate Spam On Youtube,2015-07-12T19:08:52Z,PT3M9S,25840,2022-08-12 00:03:09
SgMydsOucFg,INSANE TRIPLE LEGENDARY SUPPLY DROP! BEST OPENING YET?,2015-07-11T20:08:50Z,PT3M29S,39182,2022-08-12 00:03:29
jPm3hRiMKuU,Low Bridge Causes Dozen's Of Wrecks! 11-8 Bridge,2015-07-10T21:56:20Z,PT3M43S,26293,2022-08-12 00:03:43
OweuuinkVZI,3k HYPE,2015-07-10T18:05:46Z,PT3M23S,90089,2022-08-12 00:03:23
7Pr0HP-Trgk,How To Become A Gaming Youtuber! All You Need To Know!,2015-07-08T22:00:01Z,PT7M2S,26537,2022-08-12 00:07:02
UEK0fYAqMss,My Solution For The Theft At The FaZe House - @FaZe_Rain @FaZeAdapt,2015-07-08T10:00:00Z,PT3M7S,25919,2022-08-12 00:03:07
lRznKN2oPUc,5 Popular Channels That Were Terminated,2015-07-07T22:00:00Z,PT5M,123850,2022-08-12 00:05:00
IDrS_TrjuK4,What Is Youtube Terms Of Service?????,2015-07-07T10:00:00Z,PT4M9S,32825,2022-08-12 00:04:09
J1lhxfZtR3M,Do You Think You Will Be Famous?????,2015-07-06T22:00:01Z,PT3M44S,83511,2022-08-12 00:03:44
b_o8cz0ZNdk,What Is Swatting? Why I hate It!,2015-07-05T18:08:37Z,PT4M19S,66700,2022-08-12 00:04:19
i5dhcAxO25Q,Reddit Is In Chaos After Firing Victoria,2015-07-03T20:11:21Z,PT1M46S,28886,2022-08-12 00:01:46
-o_8CDbFMJ0,Paid Promotion On Youtube Good?,2015-07-03T19:26:09Z,PT7M19S,33072,2022-08-12 00:07:19
v5J1Cycn3s8,How To Gain Youtube Success,2015-07-02T17:10:49Z,PT2M42S,51293,2022-08-12 00:02:42
YJiqYG-Mylk,FaZe Members Reaction's To Joining Faze,2015-07-01T19:56:45Z,PT3M11S,546988,2022-08-12 00:03:11
jGE1sUTeR5g,Battle of The Beasts Round 2 Winners!,2015-07-01T04:02:27Z,PT14M7S,26481,2022-08-12 00:14:07
0tZCQ25fsoI,Youtube In 10 Years?????,2015-06-30T16:31:29Z,PT3M8S,107918,2022-08-12 00:03:08
N9jTogPwqVY,The Ultimate Motivation For Small Youtubers,2015-06-29T17:27:21Z,PT2M44S,208574,2022-08-12 00:02:44
yyJ7xEcENNI,How Much Does Pewdiepie Make?,2015-06-28T22:41:05Z,PT3M53S,114173,2022-08-12 00:03:53
3rJgCGMPEqA,Random Stuff You Don't Care About,2015-06-27T23:32:54Z,PT2M22S,26589,2022-08-12 00:02:22
7isfkomGg7o,Battle Of The Beast Round 1 Winners!,2015-06-23T19:49:57Z,PT9M13S,26308,2022-08-12 00:09:13
UCYefSGBP00,The Truth About Big Community Channels,2015-06-22T16:32:02Z,PT4M33S,26001,2022-08-12 00:04:33
dvdGkRK5a_0,WORLD'S FIRST BLACK OPS 3 GUN SYNC!!,2015-06-22T01:19:49Z,PT1M21S,39814,2022-08-12 00:01:21
X7doE4h6W64,Insane Gun Sync - 7 Hours To Make,2015-06-21T12:22:34Z,PT2M14S,25868,2022-08-12 00:02:14
GhppzOzN3MM,Battle of The Beasts Bracket!!!! (Not accepting anymore),2015-06-20T03:32:30Z,PT1M38S,25878,2022-08-12 00:01:38
QkXDatNdL4U,Free To Use Advanced Warfare Gameplay! 2015,2015-06-19T14:07:22Z,PT2M5S,26189,2022-08-12 00:02:05
hyt2t4r8lQ4,Battle Of The Beast Tournament UPDATE!,2015-06-18T23:25:47Z,PT2M32S,26272,2022-08-12 00:02:32
-mlok5iT3GE,My Top 5 Favorite Things At E3 2015,2015-06-18T17:18:38Z,PT2M30S,26422,2022-08-12 00:02:30
STvOHHgJ1sQ,Battle Of The Beasts (youtubers needed),2015-06-17T20:58:19Z,PT3M3S,26614,2022-08-12 00:03:03
2-ErX5oDzwM,History Of COD Part 2! Black Ops 1 - History Of COD On Youtube!,2015-06-13T21:34:28Z,PT15M46S,26606,2022-08-12 00:15:46
7ytYV-tVIvg,How Did Notch Become A Billionaire? How Much Did Minecraft Sell For?????,2015-06-12T17:47:14Z,PT3M36S,61669,2022-08-12 00:03:36
ELIoOUKSOJQ,Top 10 Richest Gaming Youtubers?????,2015-06-11T16:42:11Z,PT4M5S,113439,2022-08-12 00:04:05
uAoayezOaug,Markiplier Is A Great Man! Sub shodleech!,2015-06-09T02:56:28Z,PT2M3S,108568,2022-08-12 00:02:03
Vr2337tCLCI,Insane Advanced Warfare Hacker!,2015-06-07T22:58:31Z,PT2M14S,26590,2022-08-12 00:02:14
NV7qmqbS8tM,"What Is Considered A ""Bad Video"" On Youtube????? #karnageRC",2015-06-07T21:38:42Z,PT4M12S,36454,2022-08-12 00:04:12
U9c-ycvw02A,I Think I Am Going For The #KarnageRC,2015-06-05T15:21:50Z,PT3M52S,26352,2022-08-12 00:03:52
GfgcVOuHLAo,Every FaZe Video Ever #karnageRC,2015-06-04T19:09:17Z,PT3M17S,28297,2022-08-12 00:03:17
zi7tZ-2PhLk,How Much Money Do You Make As An Uber Driver??????,2015-05-31T18:31:25Z,PT5M4S,26278,2022-08-12 00:05:04
TacjQmKCiZg,How Much Does Faze Rain's Giveaway Cost??????,2015-05-30T21:27:08Z,PT1M13S,26905,2022-08-12 00:01:13
AIytwdufwW8,MY MESSAGE TO COD YOUTUBERS (Watch till end plz),2015-05-29T20:07:48Z,PT4M52S,26140,2022-08-12 00:04:52
KLAI0c0Spog,Best Of FlipArtz - His Best Advanced Supply Drops EVER!,2015-05-29T17:06:25Z,PT10M40S,46140,2022-08-12 00:10:40
UVin8WtE5eU,Summer Is Finally Here!,2015-05-28T21:46:37Z,PT2M26S,26379,2022-08-12 00:02:26
wNuxirsrwBk,Why Are Things Unbalanced In Video Games?????,2015-05-28T20:36:06Z,PT3M30S,40261,2022-08-12 00:03:30
6bxZpS0cm5o,New Channel?,2015-05-23T22:59:21Z,PT4M56S,99054,2022-08-12 00:04:56
ajJbMGq9AS4,"Youtube ""Freinds""",2015-05-23T01:28:10Z,PT4M39S,50385,2022-08-12 00:04:39
UXw9jqgJNNc,"Youtube Stat News - Vevo Gets 10 Bil. Views A Month, Channel Milestones, and more!",2015-05-21T00:31:22Z,PT5M28S,26307,2022-08-12 00:05:28
E3CqKvlzl-I,Big Changes??? Idk just watch the stupid video,2015-05-18T21:29:43Z,PT6M34S,26623,2022-08-12 00:06:34
zfDr05ax0gM,How Much Money Does DramaAlert Make????,2015-05-15T23:53:16Z,PT1M32S,25948,2022-08-12 00:01:32
56OkH6ocYZU,L0114R - Biblical Creeper Post for Post @L0114R,2015-05-15T16:48:54Z,PT1M49S,25801,2022-08-12 00:01:49
w40Z8aT5fpQ,Why Do We Do Things That Are Bad For Us?????,2015-05-14T23:52:57Z,PT3M24S,26415,2022-08-12 00:03:24
zgDezsMQyyU,How To Monetize Your Videos And Make Lots Of Youtube Money!!$$$,2015-05-10T20:59:50Z,PT10M23S,25807,2022-08-12 00:10:23
UEwnitHoSDw,DIY $23.00 Mini Sound Booth? Does It Work?,2015-05-09T19:47:51Z,PT3M49S,84744,2022-08-12 00:03:49
__SaaKSW9iE,Cut Coms vs Uncut Coms,2015-05-09T06:53:13Z,PT2M39S,25971,2022-08-12 00:02:39
qWnyJ55KBKo,Minimum Wage,2015-05-07T23:27:32Z,PT1M59S,39029,2022-08-12 00:01:59
52awie9G00A,My New Channel Trailer ;),2015-05-07T01:27:48Z,PT1M17S,37760,2022-08-12 00:01:17
bB99NdUoxEQ,Why I Changed My Channel Name,2015-05-03T23:59:54Z,PT3M16S,88109,2022-08-12 00:03:16
7GjSaNi8Epg,How Overpriced Is Movie Popcorn?????,2015-05-03T18:39:15Z,PT2M40S,25816,2022-08-12 00:02:40
h5uE4ERMiTk,Screw Warface,2015-05-02T21:41:18Z,PT3M37S,27345,2022-08-12 00:03:37
umRLkCrmwcs,My Problems,2015-05-01T02:23:50Z,PT4M7S,41978,2022-08-12 00:04:07
rHoLyltYDtQ,Ma Channel,2015-04-29T23:50:00Z,PT2M48S,27413,2022-08-12 00:02:48
yeHjsYQ076A,Remember When COD Was Fun?,2015-04-26T21:26:36Z,PT3M36S,26085,2022-08-12 00:03:36
pqrdPu2ESFo,My Baby Got a Virus :(,2015-04-25T22:34:19Z,PT2M55S,48430,2022-08-12 00:02:55
ywZy_Fo2ydo,Modern Art Is A Joke,2015-04-25T15:02:30Z,PT2M49S,30052,2022-08-12 00:02:49
qr4v9pdfVlU,Cheat Channels,2015-04-24T01:53:38Z,PT3M34S,27004,2022-08-12 00:03:34
hgiPX33AHas,Time,2015-04-22T21:33:54Z,PT2M13S,46496,2022-08-12 00:02:13
oZ-Mn5p1xMw,"2,000 Subscribers",2015-04-18T18:45:34Z,PT2M25S,184283,2022-08-12 00:02:25
5UPa_hu5opg,Youtube,2015-04-14T22:39:24Z,PT4M46S,50650,2022-08-12 00:04:46
zv_oq5UNDAo,"How To SAT, Get Into Yale",2015-04-13T11:08:02Z,PT4M5S,29072,2022-08-12 00:04:05
NiqkH7qVW0U,100k Subs With No Videos????,2015-04-11T16:51:40Z,PT4M17S,409071,2022-08-12 00:04:17
boBokLXe5o8,Is Jacksepticeye A Millionaire?????? 2016,2015-04-09T23:07:38Z,PT3M10S,118052,2022-08-12 00:03:10
7YOzgk-U4EU,How Rich Is Buzz Feed???,2015-04-07T11:16:50Z,PT3M25S,33806,2022-08-12 00:03:25
prdSftLj9-g,How To Do A High School or College Paper!,2015-04-06T11:42:14Z,PT3M56S,48410,2022-08-12 00:03:56
pzlPJmNyepA,What is Crohn's Disease?????,2015-04-04T20:31:25Z,PT7M3S,414992,2022-08-12 00:07:03
QNoqAnJOSqU,What Happens If You Get A Copy Right Strike??,2015-04-03T19:45:11Z,PT3M52S,145533,2022-08-12 00:03:52
kzIA4vKyhRQ,5 Steps To Becoming Successful On Youtube,2015-04-02T23:10:02Z,PT3M13S,84854,2022-08-12 00:03:13
DfonKqMENrg,Making Youtube a Priority,2015-04-01T23:58:35Z,PT3M16S,34842,2022-08-12 00:03:16
MUQCwdkEbq0,Why I Was Not Uploading,2015-03-21T22:11:51Z,PT1M35S,32378,2022-08-12 00:01:35
JlUzoQN9FWw,Youtubers Analytic's Explained,2015-03-06T01:07:06Z,PT3M37S,32483,2022-08-12 00:03:37
0VjLq-go1fg,How Much $$$ Does Every Member of FaZe Make COMBINED????? 2016,2015-03-05T02:07:01Z,PT3M57S,88259,2022-08-12 00:03:57
uCIpW9zOmgI,Is Pewdiepie The #2 Youtuber?!?!?  :0,2015-03-04T01:53:50Z,PT3M55S,49182,2022-08-12 00:03:55
Z0Poefgrs4w,How Much Money Does Smosh Make????? 2016,2015-03-03T01:14:27Z,PT2M47S,42471,2022-08-12 00:02:47
MLN6TRB9Jxw,Who Are The Worst Youtubers?????,2015-03-01T12:00:00Z,PT3M36S,140791,2022-08-12 00:03:36
vZrL_FFITgs,Subscriber Goals For 2016,2015-02-28T17:12:07Z,PT4M8S,32126,2022-08-12 00:04:08
L7lGD_anC00,How Many People Do Youtube as a JOB?????,2015-02-26T02:07:13Z,PT2M54S,25822,2022-08-12 00:02:54
xu1nhAfnMGA,How Much Money Does Syndicate Project Make????? 2016,2015-02-24T20:26:12Z,PT3M24S,41920,2022-08-12 00:03:24
D1livXdFGkQ,Are Youtubers Millionaires?,2015-02-22T19:45:00Z,PT3M15S,96077,2022-08-12 00:03:15
bwp_3qLgWpQ,Magecraft - Epic Hit! 11k Troops killed.,2015-02-21T15:41:14Z,PT3M53S,25941,2022-08-12 00:03:53
tZpnfF0-7Ls,Highest Paid Musicians????,2015-02-17T21:38:06Z,PT4M48S,57761,2022-08-12 00:04:48
BwAMltY3-c0,Making Fun Of Youtuber's Intros.,2015-02-16T19:45:42Z,PT1M54S,277750,2022-08-12 00:01:54
7HBR3Ea72CY,10 Things You DIDN'T Know About Youtube!,2015-02-08T00:04:06Z,PT3M1S,37015,2022-08-12 00:03:01
Ds9H2UnUHL0,Quitting?,2015-02-06T22:27:38Z,PT3M46S,86827,2022-08-12 00:03:46
iqUFeWAVp-0,How Much Money Does Markiplier Make????? 2016,2015-01-04T20:59:46Z,PT2M34S,70921,2022-08-12 00:02:34
W2skFWRk6qo,PewDiePie Uploads A Fake Video! LOL,2015-01-01T18:56:04Z,PT2M35S,45872,2022-08-12 00:02:35
X_qd-1xSTFA,Pewdiepie Was On T.V.,2014-12-07T17:51:08Z,PT2M29S,94726,2022-08-12 00:02:29
VWa0ImMY2bQ,Five Facts You Didn't Know About Youtube.,2014-12-01T22:00:05Z,PT4M21S,49098,2022-08-12 00:04:21
fEcASr38n2E,Milestones And Plans For My Channel,2014-11-30T18:21:44Z,PT3M,40257,2022-08-12 00:03:00
udmf5MQLNGA,How Much Money Did Gangnam Style Earn??? 2016,2014-11-26T22:53:11Z,PT2M24S,57938,2022-08-12 00:02:24
0dg2eR2NSQ0,Best League Player In The Universe.,2014-11-23T17:37:28Z,PT3M35S,293402,2022-08-12 00:03:35
6BNOWeYFyP8,MageCraft - Beginners tutorial. (The app),2014-11-17T02:25:46Z,PT8M47S,28642,2022-08-12 00:08:47
LDegY-H60_U,How much money does VanossGaming Make? 2016,2014-11-02T16:06:08Z,PT3M20S,174262,2022-08-12 00:03:20
D51HaR-XvgM,Opening Old Basketball Cards! Ep. #1 (Michael Jordan Found),2014-10-21T02:19:05Z,PT4M27S,89792,2022-08-12 00:04:27
Rio7r_vLUEo,20 Best Websites?????,2014-08-29T22:45:20Z,PT6M44S,80096,2022-08-12 00:06:44
8E5Ygl02wtM,"How Much Money Does ""Chris Smooth"" Make?????",2014-08-21T22:46:35Z,PT4M2S,36756,2022-08-12 00:04:02
moMJjt5KECc,Money Problems,2014-08-20T17:40:18Z,PT4M2S,144873,2022-08-12 00:04:02
OffgqPzDi7Q,Vanoss vs Speedy! Who is better? Updated.,2014-08-20T01:57:30Z,PT3M45S,30015,2022-08-12 00:03:45
B_7uD3B62MM,Welcome To My Channel!,2014-08-18T00:01:52Z,PT28S,48855,2022-08-12 00:00:28
bA20RJcegOI,1500,2014-08-08T18:58:18Z,PT2M23S,168525,2022-08-12 00:02:23
NbHwVDt9Rjk,How Much Money Does Yogscast Make????? 2016,2014-07-13T18:37:22Z,PT3M46S,30879,2022-08-12 00:03:46
VzsE09KjpKA,How Much Does WhiteBoy7thSt Make????? 2016,2014-07-11T21:52:50Z,PT3M27S,141661,2022-08-12 00:03:27
HduubRTdko4,"How Much Does ""Epic Rap Battles"" Make?????",2014-07-10T23:05:51Z,PT3M20S,26817,2022-08-12 00:03:20
qFOGv5zuTdw,How Much Money Does FaZe Make?????,2014-07-09T21:15:15Z,PT3M18S,26236,2022-08-12 00:03:18
u6t4jrhs56Q,"Top Youtube ""ShoutOuts""",2014-07-09T00:07:05Z,PT6M5S,25801,2022-08-12 00:06:05
460GXJiGCEs,Youtube Dream,2014-07-08T00:17:34Z,PT4M31S,47229,2022-08-12 00:04:31
ZiuoOcj2eLY,In Dis Video I Play Minecraft. (Factions),2014-07-05T15:57:13Z,PT8M49S,34420,2022-08-12 00:08:49
LYK6SPMtJ_Y,Youtube Grind,2014-06-28T21:06:46Z,PT3M20S,59602,2022-08-12 00:03:20
2ljWxaMvE_0,Hacker in Ghost???? I Couldn't Kill Him.,2014-06-22T00:27:19Z,PT36S,25797,2022-08-12 00:00:36
rSuuQ_s8gOw,How Much Money Does Tmartn Make?????,2014-06-21T18:43:51Z,PT2M37S,25993,2022-08-12 00:02:37
vKKhX-Uyggw,How Much Money Does FaZe Rain Make?????,2014-06-18T14:00:09Z,PT3M35S,44387,2022-08-12 00:03:35
EAwXH82m-6A,G2g Brb,2014-06-16T14:00:07Z,PT3M,25867,2022-08-12 00:03:00
U_07AG_CR5A,Crazy Nub Tub Reactions! Bo2 Fun!,2014-06-13T22:44:22Z,PT3M40S,25839,2022-08-12 00:03:40
Xe0AGtF5aNU,Fun In COD. - Insane Reactions Lol,2014-06-10T19:01:43Z,PT3M49S,25888,2022-08-12 00:03:49
NCv0drAPm_M,Minecraft Build-off Fun!!!!!,2014-06-09T12:00:07Z,PT3M33S,42362,2022-08-12 00:03:33
HuLAAXZXIy0,This Kid Should Quit COD....,2014-06-02T21:37:07Z,PT1M17S,50153,2022-08-12 00:01:17
pV7UcYW1OwA,Computer vs Console My Perspective.,2014-06-02T18:08:34Z,PT3M25S,59332,2022-08-12 00:03:25
x4IXCimma-s,5 Youtubers I Think Will Be Famous...,2014-05-31T21:06:55Z,PT4M24S,149673,2022-08-12 00:04:24
anZbhN0Wh_4,How Much Does PewDiePie Make????? 2016,2014-05-24T19:33:12Z,PT3M26S,216890,2022-08-12 00:03:26
3Q3pQmzWyZM,I Got Really Really Really Bored....,2014-05-24T16:37:13Z,PT52S,29260,2022-08-12 00:00:52
BqS4iVHa-LU,How Much Money Does Penguinz0 Make????? 2016,2014-05-16T23:53:55Z,PT2M55S,65321,2022-08-12 00:02:55
zX04jQFKCpo,How Much Money Does CaptainSparkles Make????? 2016,2014-05-15T20:36:54Z,PT3M3S,312771,2022-08-12 00:03:03
G7Y9ban7b0U,How Much Money Does Tobuscus Make?????,2014-05-14T23:06:58Z,PT2M22S,36328,2022-08-12 00:02:22
EMVvA5Cr0fY,COD IS NOT DEAD,2014-05-08T02:19:42Z,PT3M22S,44440,2022-08-12 00:03:22
e14MroQ5k_s,Storm,2014-04-30T20:31:15Z,PT3M1S,135653,2022-08-12 00:03:01
CuzdxsOXEZ8,Hearthstone - All Beards Challenge!,2014-04-24T01:56:43Z,PT23M53S,39382,2022-08-12 00:23:53
67Wj-0OyKOM,Youtube ad.,2014-04-20T20:26:16Z,PT38S,274420,2022-08-12 00:00:38
LWstCINhd8g,Impossible,2014-04-20T01:45:45Z,PT3M53S,47338,2022-08-12 00:03:53
dg6iqLCPizs,Motivation,2014-04-17T01:22:40Z,PT2M54S,48590,2022-08-12 00:02:54
cRPldarzw-M,1k Subs,2014-04-13T23:53:33Z,PT3M15S,16768728,2022-08-12 00:03:15
-rdYtmUejSE,Yup I is the best at the game.,2014-04-05T13:00:05Z,PT7M10S,146175,2022-08-12 00:07:10
tusuuI7MEJU,Should I join FaZe?????,2014-04-04T19:44:52Z,PT3M30S,470951,2022-08-12 00:03:30
XDe5f8BEvwY,"Youtube Networks Requirerments. (Machinima, TGN, 8byte....)",2014-04-01T16:37:55Z,PT4M46S,52708,2022-08-12 00:04:46
BtCGABBPH9s,Two Years of Youtube.,2014-03-31T16:31:32Z,PT4M31S,233882,2022-08-12 00:04:31
KJ_C_NSl0P8,"How Much Money Does ""Element Animation"" Make?????",2014-03-30T23:40:18Z,PT3M29S,98138,2022-08-12 00:03:29
LI8nWXeYtOs,"How Much Money Does ""Skydoesminecraft"" Make????",2014-03-30T01:52:06Z,PT2M47S,41759,2022-08-12 00:02:47
LMe7k8I082w,Should College Athletes Be Paid?????,2014-03-29T00:18:35Z,PT4M36S,47827,2022-08-12 00:04:36
h77pHTSPSiw,"""Beast"" Channel Trailer",2014-03-28T21:01:57Z,PT2M1S,39909,2022-08-12 00:02:01
JUiijjJOInw,What It Takes To Be A Full Time Youtuber...,2014-03-27T19:00:05Z,PT4M41S,31022,2022-08-12 00:04:41
gpbY6zCEBv4,How Video Games Boosted My SAT Score. Lol,2014-03-26T23:59:45Z,PT2M57S,35286,2022-08-12 00:02:57
Kgu2ApayYvI,How Much Money Do I Make?????,2014-03-16T01:24:25Z,PT4M10S,104737,2022-08-12 00:04:10
S9PIukDRcvk,Update,2014-03-13T00:19:29Z,PT4M21S,34129,2022-08-12 00:04:21
lrw3zkGS9Vc,Subscribers.,2014-03-08T03:52:13Z,PT3M,62558,2022-08-12 00:03:00
IQYW_lVBYGo,How Much Money Does KyR's Speedy's Crew Make?????,2014-03-02T18:14:47Z,PT2M54S,69354,2022-08-12 00:02:54
iOjxpow6jow,How Many Youtubers Are Millionaries?????,2014-02-26T23:52:57Z,PT3M53S,256136,2022-08-12 00:03:53
GdD2pqAdjXY,"Flappy Bird - Builders Showdown, Which is Better?",2014-02-23T22:29:21Z,PT1M25S,67266,2022-08-12 00:01:25
nmHCmLVLxcU,New COD Zombies In 2014?????,2014-02-23T21:40:04Z,PT2M31S,50180,2022-08-12 00:02:31
TZPlDuYrcDQ,Minecraft Mansion Timelapse,2014-02-22T23:51:15Z,PT5M2S,548450,2022-08-12 00:05:02
Oub4nMrNTqQ,Top 5 NON-COPYRIGHTED Songs!!!!!,2014-02-17T20:30:02Z,PT3M24S,79284,2022-08-12 00:03:24
h5Z36IuyrKc,Vanoss vs Speedy! Which is better?,2014-02-16T20:13:22Z,PT3M7S,83665,2022-08-12 00:03:07
2IGxSOfsBok,I Hate Pewdiepie!!!!!,2014-02-01T00:16:57Z,PT2M6S,2766627,2022-08-12 00:02:06
ZxkLCq49Tvk,Does Spam Work?????,2014-01-20T23:41:17Z,PT4M15S,239069,2022-08-12 00:04:15
smDPnIdlkhM,100th VIDEO SPECIAL!,2014-01-20T01:17:01Z,PT4M44S,247422,2022-08-12 00:04:44
DjMYkWCEan8,The Vortex SMP Episode 1! Just Derping Around and Explaining Things.,2014-01-18T02:49:24Z,PT25M19S,71496,2022-08-12 00:25:19
3nn_skHgkqI,Has Youtube Met Its Match?????,2014-01-12T01:25:53Z,PT2M44S,51383,2022-08-12 00:02:44
A8IkOqb_7Yg,How Much Money Does Pewdiepie Make????? (Updated 2015),2014-01-11T20:31:34Z,PT4M10S,981890,2022-08-12 00:04:10
hHl_YMivv3c,"Battle Pirates, my base.",2013-12-31T14:48:55Z,PT2M56S,38890,2022-08-12 00:02:56
7mLSbgyjM0g,"Battle Pirates, Hellstrike Base attack.",2013-12-29T22:22:57Z,PT2M52S,34140,2022-08-12 00:02:52
TGKkMl17Htg,"Battle Pirates, Unstoppable Ship!",2013-12-29T21:05:08Z,PT2M13S,28834,2022-08-12 00:02:13
Qw3eFnsSdlQ,Best Hellstrike Build???? (Battle Pirates),2013-12-29T17:10:57Z,PT1M37S,28787,2022-08-12 00:01:37
KcNCJ1mgt14,"Marauder Builds, Battle Pirates In Depth Builds.",2013-12-29T16:20:05Z,PT3M6S,28847,2022-08-12 00:03:06
A4lp4FRCo6o,"Battle pirates, How To Auto Lvl 40 Salvages.",2013-12-29T00:32:15Z,PT1M18S,31048,2022-08-12 00:01:18
WYKZz3Zygdc,Hellstrikes vs 7 halos!,2013-12-27T00:27:31Z,PT1M36S,40060,2022-08-12 00:01:36
5U2fmvh9_Is,"Battle Pirates, Hellstrike vs Epic Base!",2013-12-24T00:00:20Z,PT58S,34225,2022-08-12 00:00:58
xvIpibLjs5k,"Battle Pirates, Another Hellstrike Fail.",2013-12-18T23:47:57Z,PT57S,33682,2022-08-12 00:00:57
jlpAON0ePME,Battle pirates Hellstrike fail!,2013-12-18T22:31:02Z,PT47S,34273,2022-08-12 00:00:47
sfp0a6zDoNQ,"Battle Pirates, lvl 66 vs Missile Cruiser x Fleet!",2013-12-17T18:56:41Z,PT1M24S,36303,2022-08-12 00:01:24
RaDRWNz3Al4,"Battle Pirates, Hellstrike Too Overpowered????",2013-12-14T15:58:11Z,PT2M40S,35694,2022-08-12 00:02:40
Ms9MGkEm4mg,"Battle Pirates, All Sentinel Base.",2013-12-05T02:24:33Z,PT1M12S,37373,2022-08-12 00:01:12
90wWStXJX5c,"Battle pirates, Lvl 58 Mercury Base Attack!",2013-12-05T01:06:00Z,PT1M16S,52271,2022-08-12 00:01:16
ruSVy-u2DzM,"Battle Pirates, Stingray vs Mercury Epic Battle!",2013-12-05T00:00:24Z,PT1M6S,36826,2022-08-12 00:01:06
pP1KMQb51GA,OpTiC NaDeShOt Got Hack!!,2013-11-27T19:37:44Z,PT2M45S,44016,2022-08-12 00:02:45
dPxAFqs2eYE,"Epic Ghost Multiplayer EasterEggs! (PrisonBreak, Sovereign, and Flooded)",2013-11-17T18:26:11Z,PT1M40S,55549,2022-08-12 00:01:40
p-KVD5rA_Cw,Why Google Does Not Care What We Think....,2013-11-17T01:40:48Z,PT3M,234797,2022-08-12 00:03:00
JdCgkcb1iwQ,My First Kem Strike!,2013-11-16T19:48:55Z,PT4M29S,44858,2022-08-12 00:04:29
7anhkLPRk-A,Google+ The Death Of Youtube?????,2013-11-13T22:09:21Z,PT2M43S,79959,2022-08-12 00:02:43
XVMY7B3AzWM,How Much Money Does PewDiePie Make?????,2013-11-12T03:18:18Z,PT5M32S,506586,2022-08-12 00:05:32
QXag-irFHxE,Most Overpowered Guns In Ghost!,2013-11-11T20:11:15Z,PT2M40S,62481,2022-08-12 00:02:40
vBEGODNmdas,Are Minecraft Faction Has A New Pet! (poopymiscquidlepants),2013-10-31T20:44:54Z,PT15S,61631,2022-08-12 00:00:15
v3tbnlc5cfo,Battle Pirates!,2013-09-21T22:18:59Z,PT3M35S,56732,2022-08-12 00:03:35
ObYLL97-SBA,How To Duplicate Diamonds!!!!,2013-09-15T01:09:42Z,PT37S,110239,2022-08-12 00:00:37
IaR7P4-wFK8,50k Video Views!!!! EpicSauce!,2013-09-08T22:20:48Z,PT1M43S,171764,2022-08-12 00:01:43
v1ELS84GQu8,If This Video Gets One Million Views.....,2013-09-07T02:28:05Z,PT46S,10836281,2022-08-12 00:00:46
ctJORnOjbrQ,These Were The Good Days....,2013-09-05T02:14:46Z,PT52S,90871,2022-08-12 00:00:52
-hrPQFaDVKQ,Channel Update.,2013-08-16T20:34:58Z,PT2M42S,92611,2022-08-12 00:02:42
bIZ5_L1ru2w,Funny Noob Tubing Reaction Montage!,2013-08-16T03:04:45Z,PT2M29S,69332,2022-08-12 00:02:29
yyssjJEJMt4,"Minecraft, How To Grief Without Being Seen!",2013-08-14T21:39:31Z,PT1M3S,108809,2022-08-12 00:01:03
2bwPntvb90U,Buried Round 50 Gameplay! Black ops 2 Zombies.,2013-08-12T22:49:16Z,PT1M22S,70639,2022-08-12 00:01:22
Wz1VHTZq16c,Minecraft Let's Play Ep. # 2 - Having Fun and Derping!,2013-08-12T01:53:18Z,PT14M58S,115784,2022-08-12 00:14:58
Cs-kyTJso-A,Worlds Biggest Ball Of TNT Minecraft!  Challenge Video!,2013-08-09T23:45:05Z,PT1M45S,389985,2022-08-12 00:01:45
jkqd-oc0F00,"How To Get A Gaming Partnership, And What It Is.",2013-08-08T21:25:32Z,PT6M49S,49964,2022-08-12 00:06:49
mVkT6Cd9SoI,Camping Montage.... LOL,2013-08-05T21:12:41Z,PT3M20S,56550,2022-08-12 00:03:20
rffyxTTNkyk,Black Ops 2! Mini Update Video.,2013-08-05T02:55:37Z,PT3M55S,48460,2022-08-12 00:03:55
OOesLeO6-pc,Randomness,2013-08-02T22:16:42Z,PT5M18S,48681,2022-08-12 00:05:18
Q5lcjP6XlHw,203 Kill Game! Thanks For 300 Subscribers!,2013-08-01T19:36:50Z,PT4M26S,94272,2022-08-12 00:04:26
sE3ZZmYotSs,Call of Duty Ghost Multiplier Reveal Trailer Release Date!,2013-07-30T20:51:42Z,PT3M50S,57762,2022-08-12 00:03:50
pUwUAtmBKxw,Insane Black Ops 2 HACKER!!!!,2013-07-30T02:45:21Z,PT5M59S,137741,2022-08-12 00:05:59
p5rGgPZtjDw,Top Subscribed To Channels? BO2 w/ commentary!,2013-07-28T20:50:09Z,PT5M38S,62602,2022-08-12 00:05:38
bWDmDsdvoBs,Career Ender ....  LOL,2013-07-28T17:13:58Z,PT26S,82225,2022-08-12 00:00:26
OJA1QK-j-Oo,I Bought A New Microphone!  (quality test),2013-07-27T23:25:01Z,PT2M55S,89624,2022-08-12 00:02:55
KL1X8NsVGd0,Top 10 Worst Guns in Call Of Duty History!,2013-07-25T21:36:56Z,PT4M19S,125434,2022-08-12 00:04:19
q2HoSwCMcZw,Black ops 2 Patch news!,2013-07-24T20:35:32Z,PT3M53S,70122,2022-08-12 00:03:53
RRknlgRqOds,Black ops 2 Invisible equipment and scorestreak glitch!,2013-07-21T18:26:36Z,PT2M27S,87802,2022-08-12 00:02:27
j93M46a-W3U,I'm Back! Update Video....,2013-07-19T23:41:14Z,PT3M24S,105665,2022-08-12 00:03:24
uqjfMNEWNIg,Minecraft Let's Play! Ep. 1. The Beginning!,2013-07-08T20:03:41Z,PT18M27S,485877,2022-08-12 00:18:27
X-g9aT2wFjM,Channel Trailer....,2013-07-06T18:17:45Z,PT48S,155234,2022-08-12 00:00:48
pHKlrJeKmjA,Black ops 2 Shotgun gameplay w/ commentary....  Ps4 or Xbox?,2013-07-06T00:13:48Z,PT6M2S,148656,2022-08-12 00:06:02
C82suucz4i4,Black ops 2 Gameplay w/ commentary. Hipsters,2013-07-03T17:48:10Z,PT4M21S,199452,2022-08-12 00:04:21
H_DYlka7QAQ,Project Zomboid Let's Play ep [04] lots of stuff,2013-06-18T15:51:26Z,PT15M45S,69093,2022-08-12 00:15:45
ov0KQthQ50U,Project Zomboid Let's Play ep. [03] Looting and storing.,2013-06-17T02:17:34Z,PT24M34S,69125,2022-08-12 00:24:34
MC-7ziNt_U4,Project Zomboid let's play ep. [02] Just some chores.,2013-06-15T19:54:37Z,PT14M20S,68461,2022-08-12 00:14:20
PNsF1Uh5yP8,Project Zomboid Lets Play ep [01] Roughing it out!,2013-06-15T00:03:38Z,PT19M54S,115240,2022-08-12 00:19:54
9Y2sAtN5yRs,Gunpowder plus mod! (Grenade mod) Epic explosions for minecraft.,2013-04-21T18:04:39Z,PT2M38S,114530,2022-08-12 00:02:38
-z349CGAOXs,Horse racing map for new update! (minecraft),2013-04-21T16:37:08Z,PT1M28S,114452,2022-08-12 00:01:28
pl4xmh3RWfE,Amazing minecraft Cathedral!,2013-04-21T01:36:32Z,PT58S,232152,2022-08-12 00:00:58
6z5RwrvnH28,Huge WW2 jeep! Minecraft creations.,2013-04-21T00:52:21Z,PT1M4S,331732,2022-08-12 00:01:04
ivdQqobHDPc,Story time!,2013-04-18T01:54:48Z,PT3M13S,314158,2022-08-12 00:03:13
uUIlb2rpIuY,Epic Minecraft city! (w/ download link!),2013-04-11T01:00:01Z,PT2M34S,196347,2022-08-12 00:02:34
Ros1PpcO5Js,Pokemon online battle #9 [rb] Hidden power ice ftw!,2013-04-07T00:03:02Z,PT5M19S,95515,2022-08-12 00:05:19
KYv1nqutbK0,Pokemon online battle #8 Stone edge,2013-04-05T01:21:12Z,PT5M27S,89335,2022-08-12 00:05:27
7Yi-ctyTNU4,Online pokemon battle #7 [uu] 5-0,2013-04-04T01:43:46Z,PT4M21S,118208,2022-08-12 00:04:21
VN2-3OfUzd8,Magic karp sweeps whole team of LEGENDARIES!!!,2013-04-01T23:26:03Z,PT3M35S,103538,2022-08-12 00:03:35
-2IFrMOM36w,Pokemon online battles #5 [uu] Heracross never seems to dissapoint me...,2013-03-31T20:49:28Z,PT4M28S,97355,2022-08-12 00:04:28
7dIFHQkrASM,This is a detailed break down of my favorite UU team... ENJOY!,2013-03-29T23:14:45Z,PT9M24S,103496,2022-08-12 00:09:24
QicO1Gd0kvU,Pokemon online battle #4 [uu] Same old team,2013-03-28T17:22:43Z,PT4M39S,116930,2022-08-12 00:04:39
yFfcsmK2TOA,Online pokemon battle #3 [uu] Ice punch,2013-03-27T19:57:08Z,PT3M25S,102886,2022-08-12 00:03:25
Jl0-6tbNGBo,Pokemon online battle #2 [uu] Herracross w/ Dat MOXIE BOOST,2013-03-26T16:58:32Z,PT2M49S,151474,2022-08-12 00:02:49
IAbX0FwX-GY,Why I Haven't Been Uploading,2013-03-25T20:10:38Z,PT6M3S,488556,2022-08-12 00:06:03
XKSJRulqDNA,Most Epic Thing In Minecraft!?!?!?!?!?!!?????,2013-03-10T22:19:14Z,PT4M33S,247137,2022-08-12 00:04:33
jysfHFHNjYQ,Epic minecraft apartment complex!,2013-01-27T18:25:46Z,PT53S,285595,2022-08-12 00:00:53
Yox25V8Qsm4,Crazy Illulsions In Minecraft. (Bigre),2013-01-27T02:11:30Z,PT2M35S,433707,2022-08-12 00:02:35
clcN3OA8SNw,Best Minecraft Castle Ever?,2013-01-27T01:52:40Z,PT3M42S,215356,2022-08-12 00:03:42
m3lTwO0aNyw,How to get unlimited diamonds! minecraft (x-ray),2013-01-26T19:34:43Z,PT2M14S,323581,2022-08-12 00:02:14
gchqnwXlxJw,Drinks in minecraft (mod),2013-01-26T16:26:34Z,PT43S,302382,2022-08-12 00:00:43
atCPtw4dg7g,Emerald tool mod! (minecraft),2013-01-23T22:34:58Z,PT49S,296984,2022-08-12 00:00:49
t8aM4HuVLrQ,This is a block? Since when lol.,2013-01-21T22:30:09Z,PT52S,483837,2022-08-12 00:00:52
M82VAcabSiA,Scary minecraft pig skin!,2013-01-13T16:53:17Z,PT29S,556415,2022-08-12 00:00:29
7qj3nuF9Dzw,Most Epic minecraft skin EVER  (Psy),2013-01-13T01:59:21Z,PT31S,603041,2022-08-12 00:00:31
Y74b7WlcEpk,More birds IN MINECRAFT!!,2013-01-12T23:35:45Z,PT2M6S,716760,2022-08-12 00:02:06
Z8nEEdXTaX0,Boxy item mod Minecraft.  EPIC,2013-01-12T22:34:11Z,PT1M30S,837618,2022-08-12 00:01:30
jP82d277Cc8,Harry Potter Mod In Minecraft! EPIC MUST SEE MOD!!!,2012-03-09T23:29:03Z,PT3M59S,2951836,2022-08-12 00:03:59
2XVcLrB7B3Y,Worst Minecraft Saw Trap Ever???,2012-02-20T22:42:32Z,PT2M37S,13920053,2022-08-12 00:02:37
